Data,Otwarcie,Najwyzszy,Najnizszy,Zamkniecie,Wolumen
2020-01-02,102.87,103.5327,102.7902,103.3947,596748.8749246
2020-01-03,102.6225,104.0376,102.3849,103.8399,752307.1221207
2020-01-06,103.3746,103.83,102.5331,103.7802,749060.62238053
2020-01-07,103.5723,103.83,102.0576,102.0876,581539.6196079
2020-01-08,102.1671,102.6024,100.9299,101.5032,1216748.5062337
2020-01-09,101.9397,103.4643,101.6625,102.9594,552541.32634677
2020-01-10,103.3353,103.4247,102.4245,102.4833,445495.72477043
2020-01-13,102.6423,103.1373,102.4734,102.7119,411635.76279447
2020-01-14,102.87,102.87,101.9982,102.207,735200.8766011
2020-01-15,102.0678,103.7802,102.0678,103.4343,649742.37706197
2020-01-16,104.1171,104.1966,103.3647,103.8699,1131555.6661319
2020-01-17,104.0178,104.9094,103.6023,104.8497,824518.00370947
2020-01-21,104.6619,105.6615,104.5128,104.7903,765053.72455427
2020-01-22,104.919,104.9889,103.7901,104.6817,610883.37114877
2020-01-23,104.592,105.1965,104.0376,105.1467,503813.52688613
2020-01-24,105.1767,105.7899,104.7801,105.7116,725594.71215517
2020-01-27,104.6718,105.78,104.5425,105.2949,1021326.191755
2020-01-28,105.3447,107.0184,105.3147,106.5819,1103674.5566644
2020-01-29,107.5617,111.0276,105.2751,110.6313,1329500.2300976
2020-01-30,110.5425,111.3735,108.7707,111.2154,1032556.6161829
2020-01-31,111.1062,112.0275,110.82,111.7002,951169.87783
2020-02-03,112.71,114.0369,112.245,112.9776,749845.47934943
2020-02-04,114.0867,115.314,113.6112,113.8191,903953.20581533
2020-02-05,114.3639,114.3738,111.1557,111.7104,1063657.9624805
2020-02-06,112.4229,112.4427,110.8101,111.1062,949396.12128247
2020-02-07,111.2253,111.5424,109.5726,109.6608,1000338.0860918
2020-02-10,109.4532,111.1062,109.3536,110.9877,981372.22451063
2020-02-11,110.9778,111.9081,109.998,110.1063,482691.07633633
2020-02-12,110.2056,110.3538,108.3339,109.4037,607436.86924663
2020-02-13,109.503,110.2056,109.2954,109.7304,427312.6999344
2020-02-14,109.9581,111.5025,109.9581,111.4527,552981.73514787
2020-02-18,108.8589,111.4131,108.5031,110.9382,1131345.5628507
2020-02-19,111.2253,112.5222,110.4927,110.5623,757364.7525498
2020-02-20,110.82,111.0573,108.6909,109.8102,721781.53962277
2020-02-21,109.5726,110.7306,109.3341,110.4729,2634931.5131482
2020-02-24,108.2358,110.7006,107.8002,110.0475,1269657.1589689
2020-02-25,110.2155,110.6112,107.2755,107.8194,1004642.1730217
2020-02-26,107.8689,109.9782,107.8689,108.4137,988546.03943123
2020-02-27,107.4138,107.8986,102.9297,103.0578,1399747.4540962
2020-02-28,100.701,101.1375,96.3567,98.3562,2378248.9405043
2020-03-02,98.7912,105.8493,98.7912,105.6318,1317920.3069423
2020-03-03,106.0671,109.4133,104.6718,105.582,1373356.2597241
2020-03-04,107.5818,111.7896,105.9888,111.6108,1257926.7291361
2020-03-05,107.9685,109.9083,107.0184,109.4334,1715194.2983285
2020-03-06,106.0971,107.7009,103.2651,105.9888,1313698.0390785
2020-03-09,98.5239,103.9791,98.277,101.3952,1495280.8100164
2020-03-10,103.8795,104.3448,98.0208,100.4049,2073823.4275306
2020-03-11,97.7049,97.803,93.7926,95.2608,1907356.981612
2020-03-12,88.1097,89.9298,85.0917,85.4112,1833120.8256052
2020-03-13,89.7681,92.871,82.6017,92.562,1744285.521887
2020-03-16,83.841,89.4108,80.3238,82.2117,1470574.4823421
2020-03-17,84.2946,92.3988,83.841,91.5801,2309216.8811564
2020-03-18,87.156,92.0223,85.9122,88.2447,2351229.4565123
2020-03-19,88.4367,89.2374,82.4148,84.8046,1819529.769599
2020-03-20,86.5569,86.5569,76.7766,77.5755,2242948.4880466
2020-03-23,77.6448,77.6448,69.0588,70.2141,1861612.042678
2020-03-24,74.1165,80.1684,73.6155,79.9773,2049870.6433554
2020-03-25,79.9773,87.7137,79.2915,83.8029,2043322.0877189
2020-03-26,84.8517,92.6019,84.8517,90.4137,1763308.9598481
2020-03-27,86.7699,91.9728,86.0373,89.4108,1169737.8970526
2020-03-30,90.6156,96.2052,89.4384,95.8281,1491529.2543116
2020-03-31,95.907,96.7536,91.1412,91.5009,1572870.5376277
2020-04-01,86.8479,89.8971,86.733,88.9188,1098673.4925033
2020-04-02,88.7061,91.0206,87.051,90.5466,1283669.4316496
2020-04-03,91.0968,92.4321,90.171,91.7622,884054.0008117
2020-04-06,96.2637,98.5632,94.5084,97.911,951341.59685797
2020-04-07,100.9098,103.2267,96.5796,97.2774,1167924.7461398
2020-04-08,97.8525,100.9986,97.5585,100.3356,772941.68860873
2020-04-09,100.9686,104.6517,100.9686,103.9887,768502.24668027
2020-04-13,101.4636,103.1073,98.9496,99.5436,836064.59317123
2020-04-14,101.8206,103.9494,100.4736,103.6422,1436782.1978654
2020-04-15,102.2655,104.1768,100.8009,102.1572,861186.0768484
2020-04-16,103.008,104.9889,102.6522,104.3745,750034.3702802
2020-04-17,107.0568,107.8494,105.414,107.1963,802967.26570177
2020-04-20,105.7899,106.8492,104.8197,105.7998,957583.078468
2020-04-21,103.8003,104.9094,100.9485,101.4447,1004872.4785416
2020-04-22,104.5623,104.5623,99.078,100.8204,1414023.3659905
2020-04-23,103.0875,103.0875,99.0978,100.0782,939174.79867173
2020-04-24,100.9587,101.9199,99.2367,101.8005,875431.68538473
2020-04-27,103.2267,107.8293,103.1175,107.5719,957388.12686567
2020-04-28,109.4133,110.2653,106.6218,107.1663,1044162.8022485
2020-04-29,108.6612,109.1163,107.1762,107.5431,858145.63994173
2020-04-30,104.8098,107.0967,104.3847,105.7014,719989.60106053
2020-05-01,103.1175,103.6221,101.9982,102.7506,758270.82295023
2020-05-04,101.9784,102.7605,100.5831,102.2856,749952.55121393
2020-05-05,103.6221,105.5133,102.1077,104.8896,1002888.6187128
2020-05-06,105.7899,105.7899,101.7705,101.8005,736942.3095669
2020-05-07,102.87,105.2562,102.6024,103.4145,657523.26925193
2020-05-08,105.2463,105.3246,103.1967,103.6719,928832.2626295
2020-05-11,102.1374,105.9588,102.0183,105.2751,709002.6136075
2020-05-12,106.0086,106.4637,104.2653,104.5623,1110779.6839738
2020-05-13,104.5824,106.3047,103.5327,104.949,962710.4066202
2020-05-14,103.4343,105.7014,103.3449,105.5133,823077.58409857
2020-05-15,105.81,108.1758,104.7312,108.0081,2156836.4460894
2020-05-18,110.7399,111.7002,109.7304,110.76,898057.18248507
2020-05-19,110.0475,111.7698,108.3441,108.5427,660455.62418217
2020-05-20,108.879,111.4032,108.879,110.5524,551681.7210951
2020-05-21,109.7304,110.5425,108.9084,109.8486,749258.6043186
2020-05-22,109.938,111.582,109.701,111.1455,457278.6804236
2020-05-26,114.1164,114.9276,111.8196,112.0572,634965.44965087
2020-05-27,113.5218,113.7,110.0676,110.9979,877787.26640347
2020-05-28,112.107,113.3931,111.3735,112.1355,741176.69877377
2020-05-29,112.0968,114.5022,111.5025,114.1554,863008.31876853
2020-06-01,114.9573,115.5219,112.9971,114.5517,964617.49794237
2020-06-02,114.9084,115.4523,113.9871,114.8988,538751.27829047
2020-06-03,115.6113,116.3439,114.0468,114.9969,729239.19599547
2020-06-04,114.7695,115.0269,112.2054,113.6412,623816.8442892
2020-06-05,115.1946,115.8885,111.1359,115.5513,1116609.0399167
2020-06-08,115.0269,117.1953,114.9276,116.8881,995343.08260227
2020-06-09,115.9968,116.7591,114.819,115.7298,857017.34491693
2020-06-10,115.2246,116.4621,115.0365,115.6506,532383.53268933
2020-06-11,114.651,115.017,109.0677,109.5816,895314.7285975
2020-06-12,111.7203,112.1355,109.4631,111.423,729058.38596013
2020-06-15,108.8985,114.5223,108.6015,113.5818,807289.53464647
2020-06-16,114.8487,116.1159,112.3344,114.69,781167.03004753
2020-06-17,115.2147,115.7991,114.0966,114.2943,613012.68709533
2020-06-18,113.9274,115.5318,112.9377,115.4325,794018.68412173
2020-06-19,116.3931,118.1955,114.5715,114.9771,1016727.1521417
2020-06-22,115.2645,116.5515,114.2943,115.8387,523370.30394577
2020-06-23,116.3337,116.967,114.4521,114.7593,729662.43289377
2020-06-24,114.3939,114.4821,111.3447,111.5424,647793.87115067
2020-06-25,111.2751,115.1364,110.9478,114.8487,573483.9769732
2020-06-26,114.2844,114.5022,111.6702,112.0668,1088968.3370883
2020-06-29,113.6112,113.8692,112.4229,113.7396,774178.06560997
2020-06-30,113.0568,116.0964,112.6803,115.6014,650309.04985417
2020-07-01,115.7298,117.6804,114.9873,116.8485,623144.1097444
2020-07-02,118.6203,119.1354,116.1159,116.1756,781898.35108423
2020-07-06,117.5613,118.5411,116.6409,117.1656,494805.34870227
2020-07-07,116.3736,117.8583,115.8885,116.571,479346.59573907
2020-07-08,117.0363,118.3233,116.5617,117.7689,705890.4587539
2020-07-09,118.3134,118.5411,115.3539,116.8881,582790.13817613
2020-07-10,117.3735,119.0163,116.2842,118.8978,484516.34859227
2020-07-13,120.006,122.1249,118.9575,119.0163,640561.4697382
2020-07-14,119.0064,120.7782,118.9863,120.7782,448087.67198053
2020-07-15,121.9074,123.2439,121.0356,122.7291,552269.60623787
2020-07-16,122.4321,123.1545,121.9173,122.9172,318419.6036397
2020-07-17,123.5802,124.9668,123.105,124.2936,773714.4242345
2020-07-20,124.1841,127.4115,124.1841,127.0554,816571.45316313
2020-07-21,126.4611,127.5903,125.2833,126.7782,964650.831636
2020-07-22,128.7084,130.9356,127.293,129.7581,1272815.7789713
2020-07-23,129.8574,131.1243,126.7683,127.164,969569.0666189
2020-07-24,127.0455,127.1439,124.8669,126.333,928803.97949547
2020-07-27,126.4611,126.9561,125.9064,126.303,984448.0153348
2020-07-28,125.352,125.7486,123.2838,124.0164,728134.133545
2020-07-29,124.5999,127.2834,124.3719,126.7782,818431.06922463
2020-07-30,125.4018,126.1542,124.5015,125.6889,570852.6353978
2020-07-31,126.471,127.1046,124.8372,127.0656,632322.9968443
2020-08-03,127.5801,128.0952,125.7387,126.1341,525943.05902927
2020-08-04,126.303,126.5409,124.6296,125.4912,483301.18394153
2020-08-05,126.0858,126.2535,124.8573,126.1443,600025.67802267
2020-08-06,125.5707,127.0155,125.2932,126.471,608554.05304023
2020-08-07,125.6292,128.5803,125.4018,128.5701,751923.27958763
2020-08-10,129.1833,129.1833,126.342,127.2732,765805.2478295
2020-08-11,127.7382,128.0058,125.9064,126.2535,607384.34342633
2020-08-12,126.9165,128.7483,126.0258,126.2037,1091266.3417271
2020-08-13,125.7984,126.5409,124.8669,126.0657,958045.7097315
2020-08-14,125.8569,126.4014,124.5411,125.0562,701065.15406847
2020-08-17,125.1738,126.5706,124.8273,126.0942,867134.62599897
2020-08-18,126.0759,126.5805,125.1345,125.8371,597538.7824532
2020-08-19,126.5904,126.7884,125.1144,125.6592,605349.97800107
2020-08-20,125.2539,127.2135,125.2539,126.2436,535266.392135
2020-08-21,126.1641,126.4314,125.0562,125.709,495936.67406287
2020-08-24,126.0759,127.431,125.481,127.3227,715547.12879623
2020-08-25,127.3914,127.7781,125.5407,125.8869,513372.21607137
2020-08-26,126.1938,129.2529,125.9958,128.2434,667440.548172
2020-08-27,128.7384,128.9559,127.5606,127.5903,525574.36817513
2020-08-28,128.3226,128.3226,127.1739,127.5801,442639.1282349
2020-08-31,128.2332,130.7478,127.8663,130.0749,1428216.4487064
2020-09-01,130.2828,130.4805,128.9655,130.4604,525692.55127083
2020-09-02,130.9455,133.4799,130.6392,132.837,786523.65360763
2020-09-03,133.3518,133.3518,127.629,128.9361,870572.03689377
2020-09-04,129.7581,129.7974,124.4316,126.0759,767616.37851843
2020-09-08,124.6395,125.2737,122.0853,122.3325,1013477.6220657
2020-09-09,124.0749,125.709,122.8974,125.0061,676687.11277117
2020-09-10,125.3424,125.3424,121.1451,121.3329,832165.56112483
2020-09-11,122.4519,123.1644,121.1652,122.0853,568196.04102427
2020-09-14,122.6001,124.4715,122.6001,123.3522,819544.2125705
2020-09-15,124.3524,125.1738,123.6495,124.4814,385168.81002773
2020-09-16,124.4316,126.1341,123.5013,123.6594,558026.2341219
2020-09-17,121.8279,121.8279,120.0459,120.8775,895272.3038965
2020-09-18,121.4223,121.8777,118.2939,118.9377,1277104.7142224
2020-09-21,116.8584,119.3034,116.2641,118.551,936791.94463093
2020-09-22,118.6107,119.8083,116.8089,119.7786,846497.02917517
2020-09-23,120.1749,120.1749,116.1756,116.3037,617088.48872933
2020-09-24,116.1459,118.7589,115.8288,117.8286,603392.38108243
2020-09-25,117.729,120.5607,117.2241,120.4821,540605.84379233
2020-09-28,122.2341,122.7096,120.4326,121.7682,863244.68495997
2020-09-29,121.7295,122.7291,114.6216,117.8982,2738078.0826782
2020-09-30,118.581,120.858,117.8286,119.1951,2034572.4981889
2020-10-01,120.3927,121.0068,119.343,120.3726,1150287.1817454
2020-10-02,119.1453,121.095,118.7487,119.9961,735789.77185577
2020-10-05,120.6402,121.4124,119.1852,121.293,669920.372958
2020-10-06,121.4124,122.1747,119.5506,120.0261,788780.24365733
2020-10-07,119.8383,121.2246,118.6704,119.4423,896049.07996997
2020-10-08,120.1947,121.3128,119.7786,121.0257,648600.95058203
2020-10-09,122.3922,122.7192,121.1451,121.482,421346.978881
2020-10-12,122.1948,123.6795,121.6599,122.7492,435706.73006537
2020-10-13,123.234,123.303,121.7493,122.7492,645269.6014398
2020-10-14,123.6594,124.5999,123.3723,124.0065,578682.01296043
2020-10-15,122.8674,124.7589,122.5215,124.7289,422163.14931973
2020-10-16,124.9668,126.1743,124.2243,125.1546,748989.9145455
2020-10-19,125.9865,126.3717,123.7488,123.8376,913024.0109388
2020-10-20,123.8673,127.3227,123.8673,125.2737,910967.42305113
2020-10-21,126.7383,130.203,124.3422,128.5701,1138565.84292
2020-10-22,129.3525,129.3525,126.2535,126.3621,620062.25824867
2020-10-23,126.828,126.828,123.7887,125.4018,595811.4910544
2020-10-26,124.1049,124.6893,122.937,123.7389,645664.5552041
2020-10-27,124.0947,124.6194,121.4916,121.5207,548592.79881583
2020-10-28,120.2049,120.8178,117.5514,118.2339,623242.09060153
2020-10-29,118.2339,120.1455,117.2841,118.5114,621964.2990112
2020-10-30,117.591,119.4423,116.3337,117.5214,844656.6052403
2020-11-02,118.9377,121.3128,118.7487,119.6403,546048.3268664
2020-11-03,121.5018,123.3324,120.6204,121.3329,443414.89419643
2020-11-04,122.412,127.7679,122.4024,125.5797,707034.91556957
2020-11-05,125.8371,130.0152,125.8371,129.3912,870532.6425285
2020-11-06,129.4011,130.1346,128.0259,129.3822,617517.7862992
2020-11-09,135.4995,135.4995,125.5311,125.9565,1044052.7000482
2020-11-10,125.5509,126.2535,122.4219,123.4917,1276619.8604964
2020-11-11,123.9468,127.5606,123.8871,126.0657,678458.84909483
2020-11-12,126.5409,126.5409,122.8275,123.2145,650139.3510501
2020-11-13,123.8076,124.5312,121.7196,122.2044,796128.8079416
2020-11-16,122.9271,122.9271,120.5805,121.9173,1125214.1834409
2020-11-17,122.2641,122.4219,120.1155,120.7782,1021111.0379141
2020-11-18,120.4821,120.6105,118.7202,119.2152,1030919.2247458
2020-11-19,120.5508,123.0651,119.3334,121.1847,1144465.906698
2020-11-20,121.6002,123.7293,121.0854,122.6994,973780.2232514
2020-11-23,123.1644,123.8277,121.2636,122.3826,729416.97569497
2020-11-24,122.5017,124.0749,122.4219,123.6297,941059.66753147
2020-11-25,123.5502,124.5312,123.3924,123.6891,767314.35505163
2020-11-27,123.3324,123.8673,122.6499,123.4818,532928.99313103
2020-11-30,123.3822,124.5999,122.7978,124.3323,1068235.7897432
2020-12-01,123.6891,126.6588,123.6891,126.1839,751770.75268637
2020-12-02,126.471,126.7584,125.046,126.1242,583911.36241747
2020-12-03,123.7092,123.8769,120.1947,121.7682,1913471.1891189
2020-12-04,121.7394,123.8376,121.5603,122.1648,871934.67788613
2020-12-07,122.3127,125.7285,122.3028,125.3322,1739055.1623181
2020-12-08,125.2737,125.9664,124.1247,125.4216,637289.71719977
2020-12-09,125.6592,126.4215,120.987,122.9466,996376.42710577
2020-12-10,122.6001,123.2046,121.5207,121.8576,720435.06042127
2020-12-11,121.4523,122.8176,120.9174,122.5215,564681.86162287
2020-12-14,123.5601,124.8966,120.8178,120.9474,657015.1829516
2020-12-15,121.6698,125.1444,121.5207,124.1148,873692.27264283
2020-12-16,124.7088,125.1045,123.5502,123.9369,1138850.694484
2020-12-17,124.6494,126.2337,124.1247,125.2737,1078356.1011611
2020-12-18,124.986,126.4014,124.7589,125.3721,1753258.3461535
2020-12-21,124.6296,125.3424,121.1652,124.8474,1140907.2823717
2020-12-22,123.8673,127.134,123.5802,126.6588,1067862.0483294
2020-12-23,127.2333,127.4808,124.749,124.7589,505806.47772227
2020-12-24,124.7886,125.511,124.4121,125.3916,196745.56110586
2020-12-28,125.847,125.9865,124.7289,125.6196,470437.4085242
2020-12-29,126.4113,126.6291,125.6691,125.9064,311380.13360567
2020-12-30,126.5409,127.2732,126.2235,126.8967,409929.6837462
2020-12-31,126.7584,129.5502,126.2436,129.4209,524481.4270678
2021-01-04,130.392,130.59,127.4412,128.7084,1480819.0375272
2021-01-05,128.9754,129.7179,128.2434,128.6685,1130051.6094694
2021-01-06,129.0354,133.0842,128.6199,132.015,1048979.0159264
2021-01-07,131.5695,133.4601,131.3025,133.3815,904339.06857227
2021-01-08,132.0447,135.6684,132.0447,135.3411,807242.05938577
2021-01-11,134.757,138.3309,134.5494,137.3706,1158117.5694199
2021-01-12,137.4603,139.1232,137.3313,138.3807,970766.0492549
2021-01-13,138.5286,139.9053,138.4602,138.9354,1450726.7930469
2021-01-14,139.6377,139.6779,137.2614,138.588,983665.1785897
2021-01-15,137.9055,138.9651,135.906,136.5387,2824745.6861965
2021-01-19,138.6678,139.4301,136.7277,138.7176,919262.46221303
2021-01-20,139.7868,140.6874,137.9652,140.073,1299445.3597586
2021-01-21,140.4798,140.787,136.9356,137.8659,710437.98265877
2021-01-22,137.7576,137.9949,135.7467,136.9059,1155865.0198181
2021-01-25,137.0241,139.2621,136.2327,138.7575,857559.77502287
2021-01-26,139.1727,139.7172,136.9752,137.5983,996429.963038
2021-01-27,136.9752,140.0532,134.1039,137.6679,1632938.8637166
2021-01-28,137.8359,139.7769,135.4896,135.5589,1004855.3066388
2021-01-29,134.6487,134.6487,130.8672,131.8869,1151066.9881547
2021-02-01,133.1241,135.5991,132.1143,135.1533,895737.9654958
2021-02-02,135.6585,139.5294,135.1533,139.0533,926292.8412397
2021-02-03,138.7374,139.5195,137.49,138.618,901935.00218093
2021-02-04,139.1031,141.7767,138.7476,139.9746,845265.70273357
2021-02-05,140.2224,140.9049,138.4104,139.0347,697556.02522677
2021-02-08,139.5195,140.2419,138.3807,138.8952,506030.72257057
2021-02-09,139.0833,140.3604,138.4704,139.5483,431412.7442547
2021-02-10,140.3904,140.7768,137.6085,138.9153,538543.19523307
2021-02-11,139.47,139.6578,138.0636,138.8259,478043.55135047
2021-02-12,138.9549,139.9449,138.2913,138.4503,497348.8105398
2021-02-16,139.47,140.5782,137.856,140.3802,871679.11956807
2021-02-17,139.6377,141.4893,139.4301,141.0729,798471.25750523
2021-02-18,140.6676,141.8454,140.0343,141.2616,727833.1201901
2021-02-19,141.5688,142.2018,140.6874,140.8155,686298.32777673
2021-02-22,139.8456,139.8456,136.5093,138.0834,933392.91798947
2021-02-23,137.7963,137.856,135.3912,136.8261,1015464.5122303
2021-02-24,136.3215,138.6777,134.9658,138.4503,624519.88219183
2021-02-25,138.5388,139.9551,136.668,136.8066,662657.66818763
2021-02-26,136.9356,137.4507,134.3514,134.8365,963540.71862593
2021-03-01,136.1931,139.2912,135.9255,138.3309,713359.22635777
2021-03-02,138.0438,138.6678,135.6684,137.1234,635198.7855065
2021-03-03,136.5987,137.4207,133.1439,133.2921,636783.6511233
2021-03-04,134.1834,136.6383,132.183,134.5494,1214483.8352886
2021-03-05,135.579,141.4893,135.0444,141.0828,1229321.3694154
2021-03-08,141.2715,143.826,140.2518,141.3699,1786324.3601531
2021-03-09,141.2421,145.8057,141.2421,142.9845,1142420.4300415
2021-03-10,143.3898,143.6172,140.8257,140.9349,757502.12777217
2021-03-11,141.7665,141.7665,139.6578,140.9748,730335.16743853
2021-03-12,141.4299,141.9546,139.9647,141.2916,474037.4474396
2021-03-15,141.1623,142.8948,139.9947,142.8261,542643.23955337
2021-03-16,142.8948,143.8848,141.3501,142.3314,919757.4170583
2021-03-17,141.8262,142.6074,139.2723,140.895,1724933.7975491
2021-03-18,140.9349,142.7268,139.7673,141.8067,1862258.5143126
2021-03-19,141.8649,143.6373,140.6676,142.5786,2238153.4867192
2021-03-22,142.5786,144.9837,141.6276,143.9244,1245158.9143521
2021-03-23,142.6869,145.7262,142.6869,144.3696,1327085.0524751
2021-03-24,144.5187,145.3995,143.5884,144.132,657645.49279533
2021-03-25,144.3207,144.3207,142.3797,143.3799,693750.93358977
2021-03-26,143.4792,147.5283,143.1621,147.4488,634166.45111497
2021-03-29,146.5779,148.1814,145.9242,147.5679,530205.73137013
2021-03-30,147.3405,147.588,143.9442,144.2514,721842.1463385
2021-03-31,144.0936,145.9638,143.8161,144.2613,908267.3938646
2021-04-01,144.9639,148.2408,144.489,147.5778,669309.25524087
2021-04-05,147.726,149.1027,147.4389,148.8054,748712.133765
2021-04-06,148.4883,149.667,148.0629,149.3598,493716.44804267
2021-04-07,149.3202,149.3898,146.8053,147.5082,695356.00144513
2021-04-08,148.6077,150.3894,148.2708,150.1917,754007.1404974
2021-04-09,150.8649,152.9736,150.4779,152.7162,601615.59419913
2021-04-12,152.9937,153.8343,152.3196,152.7063,604467.140175
2021-04-13,153.0033,154.6065,152.3991,154.5081,541863.43314407
2021-04-14,153.5172,155.2803,153.369,154.032,564630.34591443
2021-04-15,154.3092,157.6455,154.3092,156.5865,673444.6534787
2021-04-16,157.4376,158.0025,156.1707,156.7056,1035034.420745
2021-04-19,156.4083,156.438,154.0518,155.1909,839942.41286713
2021-04-20,155.4783,157.7748,155.3787,156.2205,1033979.863891
2021-04-21,156.9531,158.4774,153.6861,155.8638,1135706.2160486
2021-04-22,156.9129,158.8146,155.8239,156.2601,656743.46284263
2021-04-23,156.7452,159.735,156.1011,158.9427,695095.3925674
2021-04-26,159.2796,159.3093,156.1212,156.5664,565487.93094227
2021-04-27,156.3285,157.3884,155.2605,157.32,677977.02570463
2021-04-28,157.6854,157.9626,155.2704,156.1908,649613.082735
2021-04-29,157.3386,158.4774,155.9433,158.3781,588330.60210737
2021-04-30,158.0622,158.7945,157.0026,158.0325,525712.7535094
2021-05-03,158.5668,160.0818,157.5372,158.9625,648395.89786043
2021-05-04,158.9823,160.1202,156.3486,160.002,1009858.3910237
2021-05-05,160.4274,160.6848,158.7153,160.0122,795164.15104933
2021-05-06,160.4874,160.4874,158.6157,160.0419,628703.76580227
2021-05-07,160.3089,161.3487,159.9423,160.992,503755.95050617
2021-05-10,162.15,163.1793,159.8928,159.9921,636394.7580306
2021-05-11,157.8048,158.3484,155.6661,156.2703,835310.0395602
2021-05-12,155.4282,156.933,153.3195,154.9236,1144176.0045743
2021-05-13,155.319,158.3097,155.319,157.4184,469733.36050963
2021-05-14,158.2002,161.3688,157.8732,160.8039,713523.87460223
2021-05-17,160.6452,161.2992,159.5766,160.2099,507005.48058213
2021-05-18,160.5567,160.962,158.3583,158.4279,535785.58966657
2021-05-19,156.7752,157.6956,155.9829,157.4577,663175.85560727
2021-05-20,158.0025,160.962,157.7649,159.9228,424874.2897375
2021-05-21,159.3684,161.2692,159.3492,160.329,1379738.1468923
2021-05-24,160.7844,162.4074,160.7844,161.3487,412323.6490182
2021-05-25,162.0117,162.5562,160.2696,160.7547,499229.6389518
2021-05-26,161.1015,162.774,161.0616,161.8536,464300.97855483
2021-05-27,162.1113,162.5862,161.3586,162.3783,739485.77140443
2021-05-28,163.5366,164.2089,162.5067,163.8435,479329.42383623
2021-06-01,164.5563,165.0015,160.7145,160.8828,660738.45552233
2021-06-02,161.9919,163.7244,161.4174,163.2294,962018.47994873
2021-06-03,163.2786,165.081,162.636,164.4177,811639.07661323
2021-06-04,165.021,166.7148,163.9815,166.5456,578427.46475427
2021-06-07,167.2098,167.298,164.9715,165.2286,593799.3480916
2021-06-08,165.7734,166.665,165.1203,165.2886,651805.0256212
2021-06-09,165.7338,165.8628,164.7837,165.4476,569964.74701213
2021-06-10,166.4175,166.4175,164.9616,165.2286,570908.19155393
2021-06-11,167.1102,169.8225,166.7931,169.7439,850492.02185483
2021-06-14,169.2879,171.9216,168.3279,171.9117,697281.274782
2021-06-15,172.3368,174.2583,171.8223,173.0208,678394.20193137
2021-06-16,172.9713,175.0701,172.4562,174.0705,983908.61556467
2021-06-17,174.7929,177.1878,173.3766,176.4558,1169255.0635505
2021-06-18,174.9408,175.4853,172.011,172.5357,1821573.2260316
2021-06-21,173.5455,175.9506,172.6242,175.4658,1065051.9169426
2021-06-22,175.6137,176.4057,174.9507,175.386,678741.68043497
2021-06-23,175.6833,176.2977,174.318,174.6636,965736.7019598
2021-06-24,175.5849,175.9704,174.0705,174.5058,883560.05607837
2021-06-25,175.278,175.6137,173.9013,174.7728,804416.77632007
2021-06-28,175.1982,175.3959,173.7039,173.8317,999326.9640507
2021-06-29,174.3864,174.9906,173.3766,173.5743,675398.2099496
2021-06-30,173.2782,173.436,171.9315,172.5357,1186135.0439979
2021-07-01,174.594,174.594,172.5357,172.7634,1144722.475128
2021-07-02,173.2284,174.753,172.674,174.585,987302.59164647
2021-07-06,174.9708,175.0992,172.4262,173.0895,687044.80049233
2021-07-07,173.7831,173.9709,172.0311,172.8912,728071.5066054
2021-07-08,171.1293,172.1193,170.3571,170.862,658978.8405418
2021-07-09,171.1791,172.644,171.0213,172.506,520122.79409367
2021-07-12,172.5156,177.6342,172.5156,176.3172,1169404.5601159
2021-07-13,176.7726,177.6432,175.0602,175.7727,907159.30107833
2021-07-14,176.04,176.04,172.9809,174.783,723734.08598173
2021-07-15,174.4557,176.1681,173.9511,175.3377,662022.30778423
2021-07-16,175.1784,176.8908,174.783,175.2381,934989.9049494
2021-07-19,174.3963,175.3176,172.6641,173.8716,943568.7855634
2021-07-20,174.4758,179.3367,173.3466,177.5448,1149304.3428385
2021-07-21,177.9801,183.5535,177.9801,182.8311,1320364.7778107
2021-07-22,184.0782,184.7223,181.7019,181.9107,1046942.6302774
2021-07-23,182.6433,184.9899,182.2266,184.2762,749309.1099151
2021-07-26,183.6333,184.0686,181.0293,183.1284,694772.1567501
2021-07-27,182.4846,184.5933,181.8114,182.2467,675643.6671484
2021-07-28,182.3262,182.6133,180.7323,182.0988,606221.70459587
2021-07-29,182.4456,184.0485,181.1286,183.2181,575604.2019124
2021-07-30,183.0987,184.6626,182.346,183.2664,628107.7997641
2021-08-02,184.8108,185.4453,183.5535,184.9401,564362.66625327
2021-08-03,185.6925,186.0282,184.2378,185.1777,618541.02968343
2021-08-04,184.6431,186.9102,184.1676,185.8506,742664.59364537
2021-08-05,186.4845,187.1475,184.029,185.1873,687814.5057823
2021-08-06,185.8305,186.7809,184.0782,185.2275,536124.98727473
2021-08-09,185.3259,185.5335,184.3755,185.1873,560734.34420387
2021-08-10,185.2857,186.5244,184.1976,185.3655,594877.13751997
2021-08-11,185.8209,186.8502,185.1975,185.8107,421979.30894863
2021-08-12,186.405,187.3251,184.326,186.5634,463985.82363293
2021-08-13,186.6723,187.92,186.4845,187.4445,316812.51556047
2021-08-16,187.7517,188.7117,186.4845,188.6124,400005.33404263
2021-08-17,188.1771,188.2866,185.9799,186.4746,761199.13743273
2021-08-18,186.6624,186.6624,183.2865,183.4158,822542.22477613
2021-08-19,181.089,185.9598,180.0096,184.5336,739133.24234113
2021-08-20,185.0487,186.2571,183.8211,185.1777,543189.710107
2021-08-23,185.781,188.0577,185.781,186.9996,521124.82512737
2021-08-24,187.8105,188.4447,187.1973,187.3155,374610.11003267
2021-08-25,187.3653,188.5341,186.5142,188.0778,377526.30317203
2021-08-26,187.7517,188.2566,186.4548,187.6227,433377.4119568
2021-08-27,187.6623,189.9192,187.6623,189.8895,366379.7180342
2021-08-30,190.7511,192.048,189.9987,190.494,402936.67886093
2021-08-31,191.0385,192.5631,190.3746,192.1566,810234.01091983
2021-09-01,192.939,194.7105,190.959,194.2854,586193.20526537
2021-09-02,194.8299,195.2457,192.414,194.2359,610722.76335203
2021-09-03,194.3751,195.9681,194.1465,194.85,500112.47677783
2021-09-07,195.9882,195.9882,191.4441,192.8307,578964.84430057
2021-09-08,192.6615,194.9385,192.6615,194.7507,419385.34151467
2021-09-09,194.7207,196.7106,194.385,194.7999,529024.910525
2021-09-10,195.4932,195.642,192.8505,192.9291,576566.83858087
2021-09-13,193.533,194.8599,189.9093,191.2362,556347.42809567
2021-09-14,191.4936,193.4538,191.4936,192.4536,472166.72014687
2021-09-15,192.4935,194.0181,191.4144,192.7311,475743.52648787
2021-09-16,192.8889,193.3452,191.4738,192.3357,416471.16859917
2021-09-17,191.7708,191.8209,187.9692,189.84,1283783.5742976
2021-09-20,186.6624,189.0675,185.5236,187.9497,781553.9029164
2021-09-21,189.4146,189.6621,188.187,188.8599,499518.53096353
2021-09-22,190.6518,191.6121,189.009,191.4144,671934.53614467
2021-09-23,192.3255,193.6125,192.1665,192.4836,757836.4748207
2021-09-24,191.8209,193.998,191.3058,193.6614,673256.77265987
2021-09-27,193.5231,193.5231,191.4339,192.6711,910985.60506587
2021-09-28,190.7511,191.2461,186.3852,187.9299,1331069.9440355
2021-09-29,188.8896,191.3256,187.89,190.9092,888064.14517033
2021-09-30,192.0087,194.2059,189.8598,189.9594,1079858.1375996
2021-10-01,191.0385,191.6616,187.6323,190.6518,810817.85561487
2021-10-04,190.4142,192.2361,185.7522,185.9799,1084623.8456812
2021-10-05,186.5634,192.4836,186.267,192.1665,1071173.1952331
2021-10-06,190.9092,192.7905,189.2565,191.5533,964375.07107937
2021-10-07,192.8889,195.9282,192.8889,194.7705,635241.2102075
2021-10-08,194.8599,195.9882,193.4136,194.2656,544386.69274303
2021-10-11,193.4733,199.2846,193.1466,194.5428,883278.23485013
2021-10-12,195.2754,195.7404,193.0779,194.3451,760830.4465786
2021-10-13,194.5428,195.6909,192.0582,194.2854,801047.0429245
2021-10-14,195.948,198.0276,195.7302,197.4627,712097.5965583
2021-10-15,198.225,200.196,197.1468,199.7994,774030.58926833
2021-10-18,199.602,201.2841,198.6315,200.2644,710777.38026697
2021-10-19,200.7795,205.542,200.7693,205.542,953488.08470737
2021-10-20,205.3629,206.472,193.6326,195.9981,2459285.1700178
2021-10-21,195.7704,198.75,193.5432,195.711,1305239.361784
2021-10-22,196.176,198.7401,196.167,198.5223,632726.03150403
2021-10-25,198.2451,198.5721,194.7507,198.3048,650736.3272002
2021-10-26,199.0968,201.0765,196.8693,198.2847,849124.3303028
2021-10-27,197.8593,200.6016,196.83,199.1763,682780.1079276
2021-10-28,198.9876,203.7402,198.9189,203.73,663810.20589877
2021-10-29,203.3634,207.324,202.8684,206.5416,686842.7781065
2021-11-01,207.6897,208.3038,203.3634,206.5716,736143.311031
2021-11-02,206.9373,210.0858,205.9575,207.8775,786240.8222675
2021-11-03,207.2544,208.4721,203.5413,206.1555,725901.78618163
2021-11-04,208.0068,209.4219,206.4522,208.8972,513195.44648377
2021-11-05,210.0363,211.5408,208.5213,209.4516,584450.7621876
2021-11-08,210.7089,210.8184,206.2149,208.3335,575183.9953499
2021-11-09,208.779,209.244,206.7696,207.4719,653813.1281363
2021-11-10,206.8188,207.4719,203.1858,204.096,657340.43899277
2021-11-11,204.8583,205.4724,202.3638,202.9281,987778.3543651
2021-11-12,204.3231,205.9476,201.2457,205.1058,1308059.5942901
2021-11-15,205.7796,207.987,205.4922,206.4027,526809.73506443
2021-11-16,206.2347,210.2637,205.68,208.6011,492706.33611357
2021-11-17,209.3733,209.8881,205.3044,206.6103,720398.6963918
2021-11-18,207.7992,208.0563,204.7299,205.383,553388.8102553
2021-11-19,205.6902,206.0853,204.0561,204.4827,586551.79500017
2021-11-22,205.1652,207.1251,204.2055,204.4032,565229.34228843
2021-11-23,204.3231,205.0272,200.7993,204.6207,508710.5495185
2021-11-24,202.9878,205.4724,202.4631,205.2846,609692.44918433
2021-11-26,202.5615,204.4926,199.8192,200.4531,574692.07084043
2021-11-29,203.3934,207.0066,202.5417,205.7595,914180.58909767
2021-11-30,204.4425,205.6602,199.4826,200.0073,1176177.3606007
2021-12-01,202.5126,202.5417,195.7302,195.8697,885637.85631657
2021-12-02,197.3844,200.4039,195.4932,198.5823,953365.86116393
2021-12-03,200.4039,201.2256,193.563,197.4825,894575.3266654
2021-12-06,198.0573,198.3243,193.4538,195.3747,1039134.4650653
2021-12-07,198.6813,203.1357,197.4627,202.8387,845558.63519303
2021-12-08,203.2851,204.9576,201.7692,204.6603,522298.575189
2021-12-09,204.561,204.918,201.3735,201.4533,389876.94172937
2021-12-10,203.4927,203.4927,200.3442,203.0664,385605.17838113
2021-12-13,203.463,204.561,201.522,202.77,628350.2266271
2021-12-14,200.7594,201.6606,195.0177,197.0973,1070670.1594923
2021-12-15,197.7996,199.4235,196.0776,199.3641,851019.30028183
2021-12-16,201.2457,203.928,200.1264,200.9682,1027017.1623636
2021-12-17,200.0268,200.7405,197.1168,198.4239,918557.40408653
2021-12-20,195.8004,196.9977,193.1763,195.8796,513424.7418917
2021-12-21,197.4441,199.7496,196.9677,199.572,432629.92912927
2021-12-22,199.5918,201.6606,198.8094,201.5118,605342.90721757
2021-12-23,202.2939,204.0075,201.8091,202.7103,601532.76502093
2021-12-27,203.5812,206.2449,203.1258,206.2248,668419.34663133
2021-12-28,206.9472,207.9072,206.2347,206.9673,394667.90260917
2021-12-29,207.5016,208.8684,206.8977,207.2046,274286.8033446
2021-12-30,207.2745,208.6197,206.0571,206.3532,337372.33376573
2021-12-31,206.2449,208.5513,205.8483,207.2445,394809.31827923
2022-01-03,208.0863,208.0863,198.0768,199.7898,1078006.6024336
2022-01-04,197.4729,199.1763,192.9291,194.7906,1360161.1675941
2022-01-05,195.4047,196.0077,192.3453,192.4536,1203570.5860065
2022-01-06,192.0087,193.2162,188.7117,192.879,1062653.9112229
2022-01-07,191.751,192.4341,188.5239,190.959,773710.3837868
2022-01-10,189.3162,190.4043,183.4059,186.6228,1800581.0799207
2022-01-11,186.9597,190.1868,184.3854,190.0188,778630.63899353
2022-01-12,190.8897,192.2262,190.0788,190.6917,556931.2727907
2022-01-13,190.8012,191.6121,184.2861,184.7514,1387023.0741251
2022-01-14,183.2268,184.2276,180.9111,183.6831,1670966.547512
2022-01-18,181.0491,182.6433,179.8119,181.3563,1437872.1086368
2022-01-19,181.7817,182.5638,178.5051,178.7223,1561208.795406
2022-01-20,179.1876,182.5638,177.2676,177.5949,1034832.3983592
2022-01-21,176.6733,178.2672,174.0303,174.585,1426233.5989896
2022-01-24,172.0794,174.2583,165.2886,174.0108,1743126.9235044
2022-01-25,170.9412,174.2382,169.3872,172.674,1420103.2296918
2022-01-26,174.2085,174.8424,164.6055,167.268,1705824.500074
2022-01-27,172.476,173.9109,168.3078,170.04,1672612.0198446
2022-01-28,170.04,172.476,167.496,172.3569,1035510.1834636
2022-01-31,173.0307,177.3072,172.6938,176.8524,1020090.8248657
2022-02-01,177.3957,178.3668,175.5948,177.7527,910656.30857693
2022-02-02,178.3968,180.3468,178.188,179.9799,832985.7720113
2022-02-03,177.8421,178.6143,175.5153,175.6833,650135.31060237
2022-02-04,175.6437,178.4751,174.921,176.2677,830983.7301678
2022-02-07,178.2774,178.6143,175.6536,176.238,903470.3723132
2022-02-08,175.4259,176.1681,172.3767,175.5153,737077.6645654
2022-02-09,177.7125,180.3066,175.8522,177.2775,1002294.6728984
2022-02-10,174.1587,178.2276,173.3667,174.8424,869506.36880853
2022-02-11,174.8514,175.248,169.6146,170.1,1116290.854659
2022-02-14,170.3673,171.2976,168.4956,169.6644,965465.9919628
2022-02-15,172.674,174.0204,171.9516,172.7334,796281.33484293
2022-02-16,172.1688,173.2185,170.9514,172.3569,687160.96336417
2022-02-17,171.5748,171.8322,169.3575,169.6146,731880.63869007
2022-02-18,169.5549,170.9412,167.9421,169.2777,1584707.0292131
2022-02-22,166.2984,169.4967,166.1106,166.7433,1074901.5183634
2022-02-23,167.9322,169.3476,165.4077,165.9711,887167.16577727
2022-02-24,159.1803,168.7044,158.8731,167.9523,1217856.5990199
2022-02-25,168.6051,170.9319,168.1995,170.4465,967321.5675766
2022-02-28,168.3675,170.4864,167.3574,168.8922,1103646.2735303
2022-03-01,168.7341,169.8621,166.7337,167.7534,783934.7367333
2022-03-02,168.8826,171.4365,168.2295,169.8027,784370.09497477
2022-03-03,171.0114,171.4167,168.8325,170.2092,585498.2482581
2022-03-04,169.2192,169.4169,166.8924,169.2681,1154542.7833028
2022-03-07,169.0602,169.734,165.8529,166.1499,1237346.7086922
2022-03-08,165.051,166.7046,160.2993,162.8238,1603337.5336338
2022-03-09,166.1901,167.4669,164.3484,166.4472,903410.7757094
2022-03-10,164.6943,165.6252,160.9521,164.8134,888068.185618
2022-03-11,166.3779,166.7733,163.1697,163.2192,713342.054455
2022-03-14,164.4279,166.0905,163.5663,164.9127,1073700.4952797
2022-03-15,166.2,168.3378,165.3033,167.8824,713949.1317244
2022-03-16,169.0704,172.3578,167.7243,171.5847,591769.02311407
2022-03-17,171.5646,174.3864,171.1692,174.3366,518068.22642983
2022-03-18,174.8712,178.1193,174.426,177.4353,959202.28789037
2022-03-21,177.4353,177.6633,174.8763,175.8609,529188.54865753
2022-03-22,176.2179,176.6436,174.1737,175.7331,694934.78477067
2022-03-23,175.3764,175.3764,172.2882,172.3965,501150.87184097
2022-03-24,172.9212,173.5353,171.6093,172.8816,339288.51609527
2022-03-25,173.5554,174.2583,172.4562,173.5257,468352.53750253
2022-03-28,173.2782,175.857,173.2683,175.7625,445330.0664141
2022-03-29,176.9505,180.2721,176.9307,179.5047,778510.43567393
2022-03-30,179.1489,180.9699,178.3968,180.0591,834417.10061487
2022-03-31,180.7716,182.0388,176.0997,176.4156,1090073.3995388
2022-04-01,178.0197,180.2574,176.3709,180.099,643253.41802927
2022-04-04,180.4062,181.5141,179.1876,180.5346,882975.2012714
2022-04-05,180.099,182.8362,179.9013,180.2172,851227.3833392
2022-04-06,178.5945,182.3262,177.7725,181.7421,892446.01071883
2022-04-07,181.0191,182.0193,179.8119,181.1685,665879.92524153
2022-04-08,182.0988,182.6232,180.4845,181.584,582445.69000833
2022-04-11,180.5544,181.3959,177.3957,180.5046,826669.5421185
2022-04-12,181.2669,182.4456,177.4056,178.2573,675010.32696883
2022-04-13,178.6728,179.9799,177.2079,179.5743,400781.1000042
2022-04-14,179.8914,180.5445,176.6436,176.763,430864.25347717
2022-04-18,175.7526,177.0447,174.8814,176.5551,458034.24414657
2022-04-19,176.0103,179.3814,176.0103,179.2275,636945.26903193
2022-04-20,177.7026,177.7026,170.0067,171.0798,1274034.9840698
2022-04-21,171.3768,171.8817,167.0109,167.7435,1051841.6731336
2022-04-22,167.496,168.4758,165.0909,165.1803,838807.0470588
2022-04-25,164.3484,165.714,163.0515,164.9715,1189758.3154877
2022-04-26,164.9325,165.4077,159.9825,160.0518,909087.60475103
2022-04-27,159.7149,161.8041,158.25,158.448,2101534.838194
2022-04-28,159.0024,161.6061,157.8336,160.9224,1354099.4859074
2022-04-29,160.1115,160.4625,155.4879,155.7948,935399.00028067
2022-05-02,155.676,157.1904,151.8045,155.1213,930924.2044347
2022-05-03,154.5963,157.2351,154.5369,156.2601,780717.5302391
2022-05-04,156.2205,158.7945,154.7841,158.4975,1468996.6875088
2022-05-05,157.2501,158.1801,152.0022,153.3492,860149.70200913
2022-05-06,152.3793,152.6763,149.0625,150.7653,681948.78580993
2022-05-09,149.0826,149.142,144.2412,144.7167,743883.79874377
2022-05-10,147.0927,148.3701,142.7667,144.3207,1133184.9766736
2022-05-11,143.5884,145.8603,141.6972,141.7965,1009501.8215127
2022-05-12,141.1722,143.8161,139.806,142.8849,796115.67648653
2022-05-13,143.8161,147.0312,143.8161,146.0136,863912.36894507
2022-05-16,145.8258,146.1963,144.0534,144.6669,658183.8824536
2022-05-17,147.1527,147.7656,145.8555,147.3003,977295.4127647
2022-05-18,146.3802,146.3802,140.2125,140.6676,729492.73408963
2022-05-19,139.4901,142.3314,138.9054,141.6474,1116282.7737636
2022-05-20,142.8162,144.8754,142.1025,144.6669,2005672.185785
2022-05-23,145.9734,146.9538,144.2613,146.2314,836582.78059087
2022-05-24,144.9639,145.7907,142.6572,145.1616,787492.35094767
2022-05-25,144.7563,146.9049,144.2412,146.0235,888768.1931849
2022-05-26,146.7261,150.033,146.0334,149.4195,798233.8812019
2022-05-27,150.9927,154.1313,149.667,154.0818,939454.5996761
2022-05-31,152.7459,154.8042,152.439,153.7062,1652801.7046907
2022-06-01,153.8838,154.8243,150.657,150.7455,587913.42588063
2022-06-02,151.0821,153.2697,149.8896,153.2598,900482.4612269
2022-06-03,152.5569,152.9337,151.2015,152.5272,588591.21098507
2022-06-06,153.6762,155.1711,152.0223,152.5671,682926.5741573
2022-06-07,151.3299,153.2508,150.8649,153.2112,561757.58758803
2022-06-08,152.6463,154.7556,151.7751,152.3691,732400.84633357
2022-06-09,152.2998,153.7704,151.5744,151.8126,811585.08155913
2022-06-10,150.3816,150.9777,147.837,149.2683,1248454.8195065
2022-06-13,145.8594,147.5292,143.976,145.9587,1239866.1171601
2022-06-14,146.2473,146.3118,143.295,144.9747,1605716.0605404
2022-06-15,145.4322,150.6798,145.3425,149.0001,1060342.5171056
2022-06-16,147.0222,148.4235,145.3623,147.6384,1184365.552325
2022-06-17,147.5091,149.646,146.6892,147.9366,2362213.1086565
2022-06-21,149.0796,152.6127,149.0745,151.6935,1065251.6406703
2022-06-22,150.471,154.0191,149.0796,152.6673,938562.24401487
2022-06-23,153.7806,157.6566,153.2934,157.2888,1548418.4687149
2022-06-24,158.1435,159.018,156.8616,158.3025,1597857.84061
2022-06-27,158.8293,158.9895,156.5433,156.9609,753683.78525747
2022-06-28,156.9609,158.3619,153.6117,153.711,648349.42826953
2022-06-29,153.6018,154.0686,150.9582,152.1207,778873.35452227
2022-06-30,150.6201,153.09,150.0633,151.6041,790818.65375583
2022-07-01,151.3755,155.172,151.0527,154.6353,887728.31477993
2022-07-05,154.0587,156.7671,152.6574,156.5235,808001.08931943
2022-07-06,157.2393,158.9388,155.5296,155.8278,916867.11749247
2022-07-07,155.5596,156.9309,154.8342,155.7384,724046.92635217
2022-07-08,155.4996,156.5133,154.4265,155.5992,706238.65048167
2022-07-11,155.0724,157.3287,154.4664,156.6627,664684.66521833
2022-07-12,156.8115,158.9883,153.3729,153.8205,1201867.9512609
2022-07-13,151.4349,154.3071,151.3851,153.393,534694.01125283
2022-07-14,151.3851,153.0651,150.6099,152.5779,633057.5938902
2022-07-15,153.3531,156.126,153.3531,156.1062,646992.09937247
2022-07-18,156.792,157.4877,153.3432,153.8304,691363.37219083
2022-07-19,155.5098,158.8689,154.9935,158.3427,740222.1816148
2022-07-20,161.5326,168.9468,161.5032,168.0027,1654105.9928213
2022-07-21,168.5592,172.9821,167.3964,172.9323,1247637.8061156
2022-07-22,173.0016,173.8266,170.4279,171.5409,1391491.5272004
2022-07-25,171.6798,172.9224,169.7322,170.9442,1000986.2930166
2022-07-26,169.8312,172.2069,168.957,171.9486,1113916.2584878
2022-07-27,172.9122,173.9259,171.7548,172.9224,853271.8818072
2022-07-28,173.34,179.154,172.8528,178.3191,1083076.0153268
2022-07-29,178.0704,180.2274,177.5838,179.79,757222.49966147
2022-08-01,178.1799,179.6907,177.1959,177.7626,638115.6312257
2022-08-02,177.0768,178.6074,176.1027,177.5937,671934.14980207
2022-08-03,177.981,179.6112,177.2805,179.0646,623976.8723957
2022-08-04,179.6211,181.9965,179.5413,181.6683,657805.4527133
2022-08-05,180.396,181.6884,179.313,180.9528,490104.3986489
2022-08-08,180.9729,182.8311,180.6348,181.728,345903.5474904
2022-08-09,181.2711,182.3742,180.8898,182.046,452706.9187035
2022-08-10,184.1433,186.1206,183.9045,185.4552,671590.03825067
2022-08-11,186.1107,186.8265,184.7991,185.4252,444587.0935001
2022-08-12,187.2045,189.3705,186.0813,189.2514,480235.8428131
2022-08-15,188.5758,193.1574,187.8402,190.7721,713078.62219577
2022-08-16,190.5138,190.7721,188.3076,190.4142,646563.46919443
2022-08-17,190.1859,193.1745,189.7485,192.5907,640022.33119603
2022-08-18,192.2133,192.7995,189.4404,190.941,595081.56382187
2022-08-19,189.1818,189.1818,185.2164,185.9619,995546.915687
2022-08-22,184.9878,186.6276,183.9246,184.6896,613279.2290794
2022-08-23,183.0498,184.2525,182.0061,183.189,627297.24701417
2022-08-24,183.3183,185.5047,183.189,185.0772,696777.59516723
2022-08-25,185.2164,186.4917,184.461,186.0414,332989.30257272
2022-08-26,186.0813,186.5484,180.8931,180.9528,596477.12733573
2022-08-29,59.9498,60.4468,59.274,59.3337,1753953.6822958
2022-08-30,59.7908,60.0775,59.0057,59.2342,2050367.5491846
2022-08-31,59.5325,59.8902,58.9709,59.1647,3388224.9645552
2022-09-01,58.6678,59.6915,58.4392,59.6219,1893498.9657695
2022-09-02,60.0393,60.8692,59.1349,59.3138,1580327.2687985
2022-09-06,59.3834,60.2878,59.1696,60.248,1984794.175166
2022-09-07,60.2878,62.0767,60.2878,62.0369,1735408.8869644
2022-09-08,61.6394,62.7476,61.5997,62.7029,2167991.3169575
2022-09-09,62.7129,63.1898,62.6134,62.8718,1284676.0818977
2022-09-12,63.1004,63.7365,62.8221,63.7166,1704358.3534109
2022-09-13,62.4842,62.6433,61.1723,61.4705,1625347.5239287
2022-09-14,61.9277,62.4743,61.0779,61.6494,1688143.8573573
2022-09-15,61.6195,62.0283,60.8517,60.9315,1481359.6647664
2022-09-16,60.8617,60.9714,59.9643,60.8318,3547303.1408248
2022-09-19,60.3332,60.6523,60.0341,60.5526,1477356.9712417
2022-09-20,60.1936,60.393,58.6282,59.0271,1973481.3559323
2022-09-21,59.5356,60.2435,58.3989,58.3989,1818295.9952572
2022-09-22,58.1097,58.1995,56.7238,57.2323,1798722.8138924
2022-09-23,56.9332,57.1127,56.0358,56.7637,1926610.4265461
2022-09-26,56.7338,56.9731,56.1256,56.4047,1777234.0362781
2022-09-27,56.8435,57.1426,56.2053,56.7936,1702566.9026735
2022-09-28,57.0827,58.4188,56.7437,58.1496,2012228.5525324
2022-09-29,57.7907,57.8605,56.6241,56.9432,2183419.6726561
2022-09-30,57.1226,57.8704,56.3449,56.5144,2027488.1320807
2022-10-03,56.8036,58.2294,56.4346,58.1596,1868733.3436296
2022-10-04,59.047,59.7948,58.8376,59.725,1816323.2319992
2022-10-05,59.2763,60.1189,58.7878,59.5455,1916904.0702616
2022-10-06,59.5256,60.2186,59.2464,59.3361,1514767.262187
2022-10-07,58.8077,58.9273,57.1426,57.4916,1527661.9328575
2022-10-10,57.7558,57.8306,56.9531,57.5314,1158214.6243425
2022-10-11,57.4218,58.5385,57.1525,57.9303,1911581.5208917
2022-10-12,57.9701,58.0798,57.3918,57.4118,1245464.5173958
2022-10-13,56.2751,58.5086,55.6569,58.379,2269510.17866
2022-10-14,57.8006,58.0399,54.5003,54.5901,3436574.6570895
2022-10-17,55.3079,57.2323,55.3079,56.5842,2752662.667072
2022-10-18,57.671,57.9602,56.6042,57.0429,2815176.2952565
2022-10-19,56.8036,57.3021,55.3329,55.8364,2638314.609062
2022-10-20,56.0258,56.9481,55.7766,56.6739,2143432.8546087
2022-10-21,56.6939,57.681,55.8563,57.5713,2385075.7936579
2022-10-24,57.8704,59.3062,57.7646,58.5983,1511415.4702152
2022-10-25,58.9772,60.5027,58.9573,60.3731,2140619.6360327
2022-10-26,60.5027,60.9813,59.7649,59.8546,2435692.6664956
2022-10-27,60.2136,61.2705,60.2036,60.4728,1648406.6782392
2022-10-28,60.6423,62.1479,60.2435,62.0981,1587667.233178
2022-10-31,61.8189,62.3374,61.6693,62.0582,2631559.8756898
2022-11-01,62.3872,62.786,61.6195,62.1678,1729617.9299215
2022-11-02,61.6294,62.5667,60.5227,60.5426,1862866.203284
2022-11-03,60.084,62.0283,60.0341,61.3901,1810964.5771502
2022-11-04,61.779,61.9385,60.423,61.7192,1671291.5343768
2022-11-07,61.9086,62.2676,61.3203,62.2277,2053451.9832372
2022-11-08,62.6764,65.4682,62.3473,64.3814,3379603.2199391
2022-11-09,64.3215,65.0594,63.2846,63.4242,3028999.962698
2022-11-10,65.0594,66.1462,64.3515,66.0166,2358751.8906409
2022-11-11,66.3356,66.7044,65.7474,66.206,1802630.2290696
2022-11-14,65.867,66.9239,65.4881,65.8471,1829649.1625584
2022-11-15,66.5151,66.7943,64.2717,64.6007,2379198.6240127
2022-11-16,64.6705,65.4981,64.6705,65.1691,1307711.3662073
2022-11-17,64.6605,64.8899,63.8729,64.6705,1418308.466116
2022-11-18,65.2987,65.4482,64.4512,65.3286,3463590.5817883
2022-11-21,65.3685,66.0565,64.9996,65.7673,1472882.9006295
2022-11-22,65.9667,66.4393,65.6776,66.3257,1882387.2322902
2022-11-23,66.2559,67.5321,66.2559,66.9339,1173567.4763783
2022-11-25,66.9339,67.4125,66.545,66.9538,606812.75122694
2022-11-28,66.6148,66.9858,66.0066,66.0764,1457065.6920158
2022-11-29,65.9567,66.5351,65.7374,65.9069,1726698.4007683
2022-11-30,66.0864,68.7087,65.9368,68.26,4042747.5389933
2022-12-01,68.57,69.115,68.13,68.49,1089720
2022-12-02,67.74,69.22,67.72,68.98,1130015
2022-12-05,68.75,68.82,67.57,67.86,1796596
2022-12-06,67.84,68.1,66.57,67.01,2158136
2022-12-07,66.9,67.47,64.701,64.84,3261863
2022-12-08,65,65.465,63.935,64.19,2666058
2022-12-09,63.85,64.21,63.14,63.2,2713760
2022-12-12,63.08,64.7,63.001,64.68,2198581
2022-12-13,66.14,66.69,64.54,64.99,2250130
2022-12-14,65.12,65.355,63.1,63.59,4219930
2022-12-15,62.87,63.34,61.535,61.74,2987962
2022-12-16,61.03,61.48,60.54,60.62,4148866
2022-12-19,60.42,60.9,60.09,60.46,2357186
2022-12-20,60.46,60.695,60.06,60.12,1936645
2022-12-21,60.45,61.86,60.29,61.51,1511393
2022-12-22,61.14,61.14,60.07,61.06,1373148
2022-12-23,60.9,61.56,60.62,61.28,735812
2022-12-27,61.33,61.47,60.7035,60.98,1119630
2022-12-28,61.22,61.6385,60.63,60.7,1015080
2022-12-29,61.27,62.12,61.215,61.87,920187
2022-12-30,61.4,61.56,60.74,61.35,1187950
2023-01-03,61.53,61.86,61.05,61.76,1595989
2023-01-04,62.23,62.66,61.365,61.65,2093299
2023-01-05,61.22,61.37,60.12,60.24,1724365
2023-01-06,60.9,61.81,60.51,61.65,1536014
2023-01-09,61.93,63.21,61.76,62.61,2466483
2023-01-10,62.48,63.08,62.23,62.54,1291174
2023-01-11,62.73,63.34,62.73,63.02,2482470
2023-01-12,63.16,63.25,62.18,62.99,2557981
2023-01-13,62.42,63.6675,62.315,63.35,2881994
2023-01-17,63.15,63.72,62.84,63.37,2909386
2023-01-18,63.45,63.9,62.71,62.8,3289459
2023-01-19,62.17,62.52,60.95,61,1617112
2023-01-20,61,62.12,60.64,62.06,2766489
2023-01-23,61.91,62.79,61.53,62.32,2227100
2023-01-24,62.42,62.5089,61.76,61.92,3403219
2023-01-25,58.95,58.95,55.9,58.3,8213349
2023-01-26,57.88,60.17,57.49,60.11,4697675
2023-01-27,59.81,60.67,59.62,60.5,3123656
2023-01-30,60.48,60.62,59.32,59.65,2268309
2023-01-31,59.85,60.19,59.365,60.19,2587110
2023-02-01,60.19,60.35,58.97,59.5,2492863
2023-02-02,59.74,60.65,59.64,60.57,2331008
2023-02-03,59.9,60.99,59.83,60.55,1639128
2023-02-06,60.03,60.28,59.21,59.3,1490882
2023-02-07,59.3,60.19,58.7,59.95,2477961
2023-02-08,59.8,60.09,59.4419,59.64,1851880
2023-02-09,59.84,59.9917,58.78,58.98,1590365
2023-02-10,58.6,59.65,58.51,59.62,2040998
2023-02-13,59.89,60.14,59.16,59.59,1974541
2023-02-14,59.54,59.97,58.43,58.62,1870295
2023-02-15,58.31,59.22,58.27,59.16,1732788
2023-02-16,58.87,59.1,58.38,58.44,1167362
2023-02-17,58.25,58.64,58.08,58.56,1148329
2023-02-21,57.93,58.02,56.505,56.78,3089069
2023-02-22,56.96,57.23,56.54,57.1,2670079
2023-02-23,57.24,57.53,56.57,57.2,1909423
2023-02-24,56.84,57.12,56.5775,57.05,1160561
2023-02-27,57.61,57.75,56.34,56.35,1328898
2023-02-28,56.39,56.48,55.98,56.06,3278178
2023-03-01,55.79,56.25,55.41,55.55,2272471
2023-03-02,55.09,56.11,55.06,56,2043405
2023-03-03,56.25,56.325,55.8,56.22,2373689
2023-03-06,56.34,56.71,55.96,56.07,2277591
2023-03-07,55.96,56.215,54.95,55.01,1914655
2023-03-08,55,55.395,54.82,55.13,1859031
2023-03-09,55.25,55.392,54.09,54.32,2524582
2023-03-10,53.9,53.9,52.2,52.6,3462165
2023-03-13,52.46,53.03,51.93,51.97,3742413
2023-03-14,53.22,53.64,52.435,52.76,2754660
2023-03-15,51.69,52.46,51.455,51.91,2629874
2023-03-16,51.47,53.55,51.1,53.11,2856753
2023-03-17,53.19,53.85,52.145,52.75,5554933
2023-03-20,52.67,53.22,52.54,52.92,2829153
2023-03-21,53.69,54.28,53.35,54.01,2606882
2023-03-22,54.01,54.43,52.93,52.94,2309270
2023-03-23,52.82,53.1,52.115,52.49,2829299
2023-03-24,52.05,53.07,52,53.07,2892697
2023-03-27,53.61,53.7,53.12,53.25,1330006
2023-03-28,53,53.235,52.63,52.94,2570350
2023-03-29,53.47,54.28,53.35,54.09,2123498
2023-03-30,54.32,54.79,53.945,54.03,2599682
2023-03-31,54.37,54.7,54.03,54.67,2895920
2023-04-03,54.37,54.6,54.025,54.4,3159101
2023-04-04,54.43,54.94,54.24,54.7,2515985
2023-04-05,54.66,55.085,54.295,54.56,2933346
2023-04-06,54.63,55.04,54.37,54.9,2440168
2023-04-10,54.44,54.72,53.975,54.38,1641222
2023-04-11,54.38,54.7,54.1,54.35,2566698
2023-04-12,54.77,55.38,54.675,54.89,2942424
2023-04-13,54.89,55.65,54.67,55.56,3513787
2023-04-14,55.5,55.5975,54.88,55.16,6008235
2023-04-17,54.87,55.9,54.86,55.77,3195755
2023-04-18,55.73,56.205,55.51,55.61,3626428
2023-04-19,57,57.99,56.83,57.36,5782961
2023-04-20,57.38,57.4,56.06,56.49,3453881
2023-04-21,56.34,57,56.12,56.97,3163896
2023-04-24,57.09,57.21,56.19,56.58,1775548
2023-04-25,56.3,56.43,55.21,55.27,2103926
2023-04-26,54.94,55.28,53.85,54.13,2077123
2023-04-27,54.24,54.93,54.02,54.82,1591589
2023-04-28,54.63,55.41,54.54,55.37,2268201
2023-05-01,55.24,55.41,54.905,55.05,1237795
2023-05-02,54.69,54.8125,53.41,54.27,1745784
2023-05-03,54.46,54.845,53.51,53.56,1609295
2023-05-04,53.53,53.98,53.375,53.79,1615774
2023-05-05,54.29,55,54.23,54.92,1978610
2023-05-08,55,55.14,54.64,54.92,1906173
2023-05-09,54.67,55.07,54.55,54.56,1040357
2023-05-10,55.14,55.27,54.47,55.2,1778311
2023-05-11,55.07,55.255,54.495,55.22,1387888
2023-05-12,55.4,55.66,54.99,55.14,2225080
2023-05-15,55.3,55.53,55,55.17,1224104
2023-05-16,54.87,55.01,54.54,54.54,1213919
2023-05-17,54.68,55.01,53.94,54.93,1858846
2023-05-18,54.98,55.3,54.47,55.22,1620347
2023-05-19,55.35,55.67,54.94,55.32,1677953
2023-05-22,55.32,55.705,55.03,55.46,1439037
2023-05-23,55.32,55.38,54.205,54.4,1939918
2023-05-24,54.01,54.175,53.655,53.86,1664202
2023-05-25,53.68,53.785,53.08,53.18,2287965
2023-05-26,53.04,54.45,52.99,54.22,3542935
2023-05-30,54.42,55.02,54.27,54.95,3824352
2023-05-31,54.92,55.62,54.36,55.35,7539769
2023-06-01,55.2,55.49,54.9,55.03,2643632
2023-06-02,55.25,56.47,55.25,56.33,2584218
2023-06-05,56.25,56.355,55.725,56.02,2420767
2023-06-06,56.02,57.22,55.9,57.13,2745247
2023-06-07,57.4,58.03,57.02,57.05,3605770
2023-06-08,56.79,57.755,56.56,57.67,2844521
2023-06-09,57.82,57.885,57.45,57.83,1573944
2023-06-12,52.1,53.45,50.03,51,16727746
2023-06-13,51.47,51.8,50.84,51.06,6385628
2023-06-14,51.05,51.935,50.63,51.16,7437252
2023-06-15,50.9,52.52,50.83,52.27,4262841
2023-06-16,52.64,52.64,51.1,51.22,7422391
2023-06-20,50.85,51.66,50.46,51.62,4601327
2023-06-21,51.59,51.59,50.22,50.56,4011032
2023-06-22,50.33,50.41,49.475,49.55,4617193
2023-06-23,49.35,49.735,48.95,49.64,5617431
2023-06-26,49.48,49.75,49.3257,49.61,3202503
2023-06-27,49.53,50.16,49.32,49.82,4141584
2023-06-28,49.85,50.0354,49.395,49.58,4809039
2023-06-29,49.49,49.85,49.33,49.85,2877349
2023-06-30,50.13,50.43,49.81,49.85,3749250
2023-07-03,49.68,50.0931,49.315,49.7,2000640
2023-07-05,49.69,50,49.34,49.92,3628411
2023-07-06,49.42,49.56,48.9,48.99,3619013
2023-07-07,48.88,49.27,48.65,48.97,3138045
2023-07-10,49,49.42,48.84,49.1,5553720
2023-07-11,49.06,49.75,48.98,49.71,3792835
2023-07-12,50.07,50.275,49.83,50,2991518
2023-07-13,50.16,51.275,50.09,51.17,3141834
2023-07-14,51.37,51.605,50.54,50.61,3225848
2023-07-17,50.545,50.97,50.12,50.9,3629561
2023-07-18,51.04,51.5,50.835,51.38,5437755
2023-07-19,51.65,52.55,50.32,50.43,5672519
2023-07-20,50.66,50.66,49.15,49.61,4725728
2023-07-21,50.05,50.9,49.61,50.71,11488437
2023-07-24,50.9,51.25,50.585,51.05,3487193
2023-07-25,51.03,51.36,50.895,51.07,2821898
2023-07-26,50.94,51.33,50.72,50.92,2496954
2023-07-27,50.88,51.55,50.13,50.27,2079562
2023-07-28,50.31,50.655,50.01,50.49,1827962
2023-07-31,50.69,50.71,50.275,50.49,2751950
2023-08-01,50.31,50.46,50.08,50.24,2065727
2023-08-02,49.83,50.07,49.5,49.67,2191587
2023-08-03,49.56,49.64,49.1,49.38,2663432
2023-08-04,49.53,50.3088,49.38,49.45,2013760
2023-08-07,49.66,50.095,49.6274,50,1726113
2023-08-08,49.67,50.28,49.395,50.04,2250884
2023-08-09,49.88,50.67,49.82,50.46,2646998
2023-08-10,50.63,51.795,50.54,51.51,3537398
2023-08-11,51.4,51.89,50.91,50.96,2663529
2023-08-14,50.96,51.33,50.91,51.08,2683181
2023-08-15,50.92,51.11,50.44,50.57,1946736
2023-08-16,50.3,51.14,50.18,50.85,2464044
2023-08-17,50.95,52.28,50.895,51.67,5205367
2023-08-18,51.32,51.9,51.19,51.8,3380454
2023-08-21,51.8,51.95,51.27,51.79,2298961
2023-08-22,51.95,52.0975,51.63,51.96,2594524
2023-08-23,52,52.72,51.67,52.65,2318720
2023-08-24,52.7,53.435,52.3,52.33,2141518
2023-08-25,52.39,52.95,52.19,52.73,1866400
2023-08-28,52.82,53.49,52.75,53.17,1633427
2023-08-29,53.35,54.15,52.95,53.34,1684347
2023-08-30,53.28,53.48,52.48,52.66,2146872
2023-08-31,52.76,53.06,52.35,52.48,2856282
2023-09-01,52.65,52.72,51.81,51.94,2937053
2023-09-05,51.8,51.86,50.65,50.71,3210549
2023-09-06,50.86,52.03,50.68,51.58,2493961
2023-09-07,51.51,51.7,51.21,51.66,2109201
2023-09-08,51.66,51.76,51.27,51.43,3024040
2023-09-11,51.69,51.78,51.08,51.37,1660114
2023-09-12,51.24,51.585,51.21,51.47,1527175
2023-09-13,51.47,51.57,50.92,51.1,1981125
2023-09-14,51.09,51.495,50.88,51.47,1830030
2023-09-15,51.47,51.675,50.76,50.77,2698553
2023-09-18,50.66,51.15,50.53,51.02,1493771
2023-09-19,51,51.375,50.76,50.93,2446577
2023-09-20,51.14,51.325,50.53,50.57,1623930
2023-09-21,50.33,50.36,48.83,48.84,2294547
2023-09-22,48.88,49.18,48.62,48.67,1644199
2023-09-25,48.48,48.68,48.19,48.64,1662697
2023-09-26,48.16,48.505,47.88,47.98,1882471
2023-09-27,48.23,48.55,47.89,48.33,2015321
2023-09-28,48.39,49.3,48.39,48.92,2035055
2023-09-29,49.25,49.27,48.34,48.59,1708238
2023-10-02,48.53,48.54,48.07,48.42,3121775
2023-10-03,47.92,48,46.88,47.25,3525552
2023-10-04,47.38,48.87,47.38,48.78,3324268
2023-10-05,48.78,49.185,48.58,49.02,2085259
2023-10-06,48.9,49.8099,48.86,49.61,1960034
2023-10-09,49.41,49.92,49.36,49.73,1577427
2023-10-10,49.85,50.095,49.23,49.87,2302468
2023-10-11,49.87,50.04,49.405,49.66,2146465
2023-10-12,49.72,49.95,49.125,49.32,2161320
2023-10-13,49.53,49.58,49.055,49.37,1542665
2023-10-16,49.75,50.38,49.66,50.3,2296100
2023-10-17,50.3,50.71,49.87,49.93,3687189
2023-10-18,51.29,53.3039,50.87,51.92,6685964
2023-10-19,52.02,52.04,51.28,51.29,2924114
2023-10-20,51.3,51.54,50.385,50.6,2797362
2023-10-23,50.3,50.54,49.77,49.82,2021739
2023-10-24,50.07,50.38,49.12,49.46,2033864
2023-10-25,49.395,49.87,48.92,49.49,1972179
2023-10-26,49.62,50.53,49.62,49.7,1916621
2023-10-27,49.32,49.41,47.56,47.59,2966472
2023-10-30,47.78,49.045,47.72,48.91,2393078
2023-10-31,49.06,49.65,48.88,49.6,1748759
2023-11-01,49.79,49.86,48.465,48.71,2389118
2023-11-02,49.02,49.87,48.82,49.86,2644456
2023-11-03,50.15,50.51,49.825,50.22,2019422
2023-11-06,50.1,51.215,50.05,50.73,2650592
2023-11-07,50.92,51.58,50.595,51.19,2258695
2023-11-08,51.31,52.08,51.2,51.74,2525144
2023-11-09,52,52.03,51.3,51.42,2089336
2023-11-10,51.58,52.25,51.42,52.11,1846382
2023-11-13,51.88,52.1891,51.715,52.09,1645375
2023-11-14,52.44,53.43,52.32,53.11,2436753
2023-11-15,53.4,53.75,53.175,53.32,2503802
2023-11-16,53.41,53.835,53.365,53.54,1879849
2023-11-17,53.61,53.78,53.36,53.48,1816534
2023-11-20,53.5,54.385,53.36,54.14,2414871
2023-11-21,54.06,54.76,53.92,54.62,1759139
2023-11-22,54.8,55.23,54.8,55.13,1938030
2023-11-24,55.16,55.4,55.01,55.3,879711
2023-11-27,55.26,55.3,54.97,55.14,1789862
2023-11-28,55.07,55.87,55.04,55.58,2414664
2023-11-29,55.7,56.15,55.565,55.7,2905932
2023-11-30,55.81,55.93,55.15,55.84,4484802
2023-12-01,55.75,56.25,55.61,55.9,2166117
2023-12-04,55.71,56.61,55.71,56.23,4004996
2023-12-05,56.1,56.18,55.32,55.72,2673306
2023-12-06,55.9,56.32,55.72,55.84,2435079
2023-12-07,55.05,55.19,54.0401,54.13,2877829
2023-12-08,54.06,54.39,53.615,53.97,2065533
2023-12-11,54.16,54.36,53.92,54.22,2780104
2023-12-12,54.39,54.45,53.87,54.17,2717843
2023-12-13,54.23,56.44,54.03,56.39,4220725
2023-12-14,56.93,57.72,55.945,56.11,4171463
2023-12-15,55.31,55.64,54.54,54.74,5718587
2023-12-18,55,55.56,54.62,55.38,2616293
2023-12-19,55.53,55.78,55.18,55.76,2066662
2023-12-20,55.745,56.175,55.12,55.15,2051866
2023-12-21,55.31,56.12,55.13,56.09,1827984
2023-12-22,56.36,57.145,56.17,57.04,2330528
2023-12-26,57.04,57.7,56.95,57.63,1344179
2023-12-27,57.59,58.02,57.42,57.99,1353272
2023-12-28,57.99,58.365,57.99,58.24,1192281
2023-12-29,58.2,58.345,57.79,58.14,1524056
2024-01-02,58,58,56.615,56.9,1948028
2024-01-03,56.51,56.78,55.85,55.99,2493493
2024-01-04,56.01,56.53,56.01,56.03,2143057
2024-01-05,56.01,56.195,55.44,55.67,1979331
2024-01-08,55.77,56.745,55.76,56.71,3022450
2024-01-09,56.56,56.67,56.255,56.37,2457554
2024-01-10,56.48,56.935,56.185,56.89,2956483
2024-01-11,56.97,57.1,56.28,56.54,2185253
2024-01-12,56.95,57.005,56.385,56.93,1835095
2024-01-16,56.5,57.34,56.33,56.46,3534483
2024-01-17,55.98,56.45,55.83,56.11,2943106
2024-01-18,56.24,56.89,55.895,56.83,1863664
2024-01-19,57.03,57.979,56.9,57.85,2179481
2024-01-22,58.13,58.45,57.69,58.16,2020968
2024-01-23,58.265,58.82,58.035,58.38,1796097
2024-01-24,58.73,58.86,58.155,58.2,1919266
2024-01-25,58.46,58.59,57.44,58.37,1665038
2024-01-26,58.4,58.71,58.095,58.62,1675698
2024-01-29,58.32,58.5,57.55,58.25,2378110
2024-01-30,58.11,58.61,58.075,58.45,2504028
2024-01-31,58.6,60.72,57.505,57.77,4305777
2024-02-01,57.54,57.74,56.28,57.09,2879247
2024-02-02,56.92,57.41,56.32,56.65,2556831
2024-02-05,56.24,56.39,55.73,55.98,2244335
2024-02-06,55.83,56.455,55.755,56.32,4260506
2024-02-07,56.74,57.055,56.32,56.91,1881466
2024-02-08,56.7,57.18,56.67,56.76,1358326
2024-02-09,56.88,57.345,56.65,57.25,1296684
2024-02-12,57.32,57.38,56.725,56.83,2152749
2024-02-13,56.22,56.235,55.175,55.7,3184525
2024-02-14,56.06,56.19,55.355,55.81,2661252
2024-02-15,55.93,56.31,55.02,55.49,4038966
2024-02-16,55.45,55.81,55.2,55.42,2042738
2024-02-20,55,55.6,54.9,55.54,2745399
2024-02-21,55.39,56.06,55.11,56.04,2207258
2024-02-22,56.26,56.81,56.24,56.56,2040197
2024-02-23,56.85,56.87,56.355,56.65,1346114
2024-02-26,56.47,56.63,55.82,56.19,1905314
2024-02-27,56.28,56.48,56.085,56.37,1767179
2024-02-28,56.31,56.6425,56.2,56.32,1920153
2024-02-29,56.67,56.68,56.08,56.2,4017418
2024-03-01,56.29,56.675,55.515,56.53,3170635
2024-03-04,56.52,57.125,56.3,56.97,3621752
2024-03-05,57,58.46,56.9,56.93,3504660
2024-03-06,57.13,57.93,56.75,57.89,3833017
2024-03-07,58.3,59.21,58.15,59.13,3979658
2024-03-08,59.3,60.5488,58.83,60.01,4228727
2024-03-11,60.09,60.41,59.51,60.03,2324629
2024-03-12,59.94,60.53,59.73,59.74,3482053
2024-03-13,59.71,59.83,59.14,59.54,2169976
2024-03-14,59.44,59.5499,58.235,58.69,2097785
2024-03-15,57.96,59.855,57.96,59.68,3527425
2024-03-18,59.94,60.71,59.74,60.29,3320673
2024-03-19,60.48,62.56,60.22,62.46,5250142
2024-03-20,59.93,61.52,59.61,60.88,18274314
2024-03-21,61.16,63.05,60.96,61.84,15426662
2024-03-22,61.84,62.28,61.47,61.63,5194954
2024-03-25,61.51,61.82,61.01,61.06,2202962
2024-03-26,62.16,62.845,61.95,62.23,4480998
2024-03-27,62.59,63.08,62.135,63,3036998
2024-03-28,63.51,63.52,62.82,63.1,2791766
2024-04-01,62.97,63.04,62.21,62.29,2310532
2024-04-02,61.75,61.81,60.865,61.33,3216064
2024-04-03,61.4,61.99,61.3,61.58,2250909
2024-04-04,62,62.4,60.84,61.06,2094629
2024-04-05,61.05,62.06,60.92,62.04,1929509
2024-04-08,62.32,62.485,61.8625,62.14,2451581
2024-04-09,63.73,64.25,62.61,63.56,4487468
2024-04-10,62.82,63.6,62.22,63.01,2676552
2024-04-11,63.33,63.35,62.38,63.06,3722248
2024-04-12,62.69,62.82,61.01,61.52,4148660
2024-04-15,62.23,62.32,60,60.19,3248554
2024-04-16,60.35,60.5,59.7281,60.03,2825749
2024-04-17,60.68,60.72,59.91,60.01,2818410
2024-04-18,60.43,60.5,59.89,60.07,2349165
2024-04-19,60.53,60.565,59.95,60.35,3083542
2024-04-22,60.81,61.32,60.525,61.2,2116508
2024-04-23,61.07,61.51,60.945,61.09,2279889
2024-04-24,60.72,61.57,60.61,61.5,2893649
2024-04-25,59.21,60.38,58.1,60.29,7781013
2024-04-26,59.64,60.63,59.405,60.12,4792137
2024-04-29,60,60.87,59.74,60.08,3650899
2024-04-30,59.95,60.14,59.66,59.85,3704215
2024-05-01,59.89,60.505,59.55,59.88,2785783
2024-05-02,60.16,60.21,59.38,60.07,3401685
2024-05-03,60.54,61.16,59.7,60.87,2889284
2024-05-06,61.04,61.68,60.66,61.6,2915886
2024-05-07,62.06,62.22,60.805,60.9,2584516
2024-05-08,60.26,60.48,59.36,59.91,2585442
2024-05-09,59.9,60.34,59.805,60.18,1916634
2024-05-10,60.27,60.71,60.065,60.66,1761826
2024-05-13,60.9,61.748,60.54,60.62,1866739
2024-05-14,60.82,61,60.19,60.41,1591772
2024-05-15,60.47,61.59,60.47,61.35,2955488
2024-05-16,61.35,62.72,61.35,62.23,3794694
2024-05-17,62.25,62.79,61.83,62.76,2359582
2024-05-20,62.72,62.9,62.3,62.45,1639079
2024-05-21,62.45,62.86,62.19,62.44,1665092
2024-05-22,62.41,62.71,62.19,62.45,1383477
2024-05-23,62.44,62.59,61.46,61.52,1586710
2024-05-24,61.64,62.5,61.64,62.23,1002489
2024-05-28,62.045,62.045,60.0603,60.2,1959645
2024-05-29,59.71,60.045,59.4,59.85,2031112
2024-05-30,60,60.15,58.84,59.05,2698056
2024-05-31,59.24,59.7,58.525,59.03,6568652
2024-06-03,59.3,59.33,58.295,58.74,2599112
2024-06-04,58.74,59.49,58.74,59.43,2495446
2024-06-05,59.62,59.882,58.84,59.71,1628073
2024-06-06,59.57,59.79,59.1705,59.26,1779312
2024-06-07,58.93,59.34,58.6,58.78,2821302
2024-06-10,58.48,59.625,58.28,59.3,1909238
2024-06-11,58.97,59.1597,58.63,59.02,1620273
2024-06-12,59.69,59.79,59.13,59.55,2324761
2024-06-13,59.56,59.7,58.9901,59.2,2195341
2024-06-14,58.77,58.9,58.44,58.6,2475753
2024-06-17,58.45,59.08,58.275,58.63,1742094
2024-06-18,58.58,59.26,58.33,58.99,1795343
2024-06-20,59.1,59.3,58.345,59.23,2418597
2024-06-21,59.2,60.33,58.76,60.25,3096117
2024-06-24,60.28,61.1,60.075,60.1,2084334
2024-06-25,60.08,60.17,59.68,59.91,1329778
2024-06-26,59.5,60.105,59.44,59.76,1420422
2024-06-27,59.73,60.57,59.47,60.18,1973161
2024-06-28,60.42,60.57,59.7,60.26,4045699
2024-07-01,60.38,60.57,59.46,59.48,2074182
2024-07-02,59.69,60.3393,59.545,59.96,1842117
2024-07-03,60.15,60.6,60.08,60.14,1162075
2024-07-05,60.12,60.45,59.95,60.38,825796
2024-07-08,60.4,60.86,60.27,60.44,1097741
2024-07-09,60.7,61.025,60.46,60.81,1502818
2024-07-10,61,61.66,60.77,61.63,1631893
2024-07-11,62.21,62.71,62,62.2,2503026
2024-07-12,62.41,63.1199,62.14,62.7,2121927
2024-07-15,62.8,63.205,62.6,63,2339753
2024-07-16,63.2,63.61,63.14,63.3,1829405
2024-07-17,62.95,63.6,62.87,63.49,2728940
2024-07-18,63.44,63.51,62.41,62.48,1895161
2024-07-19,62.98,63.02,62.21,62.51,1506218
2024-07-22,63.1,63.25,62.56,63.03,1833224
2024-07-23,63.38,63.45,62.835,63.13,2275166
2024-07-24,63.36,63.39,62.43,62.73,2988865
2024-07-25,65,67.77,64.72,67.26,7139193
2024-07-26,67.6,67.66,66.26,66.96,3629860
2024-07-29,66.95,68.4,66.8,67.92,16151806
2024-07-30,68.33,70.01,68.26,69.15,14987559
2024-07-31,69.13,69.45,67.64,67.68,6389377
2024-08-01,67.83,68.53,67.02,67.32,3931242
2024-08-02,66.63,67.32,66.24,66.86,3770290
2024-08-05,65.73,66.29,64.335,64.4,3940651
2024-08-06,65.29,66.93,64.97,66.19,3715691
2024-08-07,66.61,67.6,66.45,66.8,2834923
2024-08-08,67.03,68.095,66.76,68.04,3027857
2024-08-09,68.05,68.17,67.45,68.09,1651759
2024-08-12,68.09,68.41,67.615,67.98,1661923
2024-08-13,68.3,68.97,67.96,68.92,2005091
2024-08-14,69,69.5,68.83,69.3,2103606
2024-08-15,69.63,69.97,69.1,69.78,2533817
2024-08-16,69.78,69.84,69.28,69.83,1802875
2024-08-19,69.63,70.08,69.63,69.97,1848791
2024-08-20,70.07,70.19,69.6,70.09,2020763
2024-08-21,69.99,70.48,69.91,70.24,1530587
2024-08-22,70.07,70.6375,70.07,70.63,1750059
2024-08-23,70.84,70.98,69.71,70.35,1343176
2024-08-26,70.57,70.8,70.25,70.59,1301410
2024-08-27,70.53,71.16,70.485,71.05,1515996
2024-08-28,70.99,71.33,70.72,70.95,1458070
2024-08-29,71.21,71.75,70.97,71.19,1776038
2024-08-30,71.52,72.14,71.135,72.08,3073749
2024-09-03,71.66,71.91,71.03,71.39,2267430
2024-09-04,73.14,74.168,72.905,73.48,3295829
2024-09-05,73.5,73.74,72.655,73.4,2167576
2024-09-06,73.27,73.65,71.24,71.95,3970651
2024-09-09,72.31,72.54,71.43,71.65,2977376
2024-09-10,71.74,72.21,71.11,71.75,2672171
2024-09-11,71.46,72.19,70.12,72.08,2115861
2024-09-12,72.25,72.68,71.74,72.57,2852601
2024-09-13,72.42,73.04,72.23,73,1900481
2024-09-16,73.29,73.69,73.03,73.3,2260785
2024-09-17,73.23,73.55,72.03,72.7,2578802
2024-09-18,72.65,73.6287,72.31,72.9,2330315
2024-09-19,73.78,74.36,73.245,74.29,3060779
2024-09-20,74.16,74.68,73.5,74.29,4654408
2024-09-23,74.71,74.875,73.89,74.01,2546048
2024-09-24,73.87,73.87,73.14,73.67,2408410
2024-09-25,73.67,73.935,72.675,73.04,3429016
2024-09-26,72.68,73.48,72.31,72.56,3145154
2024-09-27,72.84,73.1,72.33,72.6,2766137
2024-09-30,72.29,73.12,72.15,73.01,3368558
2024-10-01,73.2,73.4,72.42,73.05,3837116
2024-10-02,73.13,73.13,72.56,72.99,1817209
2024-10-03,72.84,73.09,72.375,72.92,2602495
2024-10-04,73.4,73.4,71.8081,72.12,2519293
2024-10-07,72.11,72.15,70.61,70.87,4187613
2024-10-08,71.95,72.59,71.82,72.19,3136020
2024-10-09,72.33,72.77,72.01,72.47,2144515
2024-10-10,72.4,72.68,71.57,71.84,2919273
2024-10-11,72.27,72.4094,71.375,71.62,2297222
2024-10-14,72.06,72.85,72,72.57,2933092
2024-10-15,72.79,73.6,72.73,73.03,1911362
2024-10-16,73.12,73.99,72.61,73.76,3082126
2024-10-17,74.23,74.53,74.02,74.14,2503321
2024-10-18,74.33,74.93,73.845,74.91,2145755
2024-10-21,74.7,74.87,74.045,74.3,1902672
2024-10-22,73.73,74.455,73.53,74.29,2365322
2024-10-23,73.98,74.49,73.67,73.91,2513568
2024-10-24,73.24,75.58,72.8,75.24,4038770
2024-10-25,75.6,75.68,74.03,74.69,2230617
2024-10-28,75.38,75.89,74.9601,75.34,2543875
2024-10-29,75.02,76.435,74.865,75.89,3382275
2024-10-30,76.02,76.705,75.51,75.55,2293743
2024-10-31,75.33,75.4299,73.83,73.92,2901329
2024-11-01,73.93,74.91,73.89,74.32,2969075
2024-11-04,74.47,74.96,74.07,74.81,2199112
2024-11-05,74.585,76.255,74.13,76.14,2146181
2024-11-06,78.88,79.2706,75.02,77.59,3894886
2024-11-07,77.69,78.29,77.115,78.18,2288058
2024-11-08,78.62,79.73,78.22,78.69,2247205
2024-11-11,78.855,80.4078,78.78,79.66,1911577
2024-11-12,79.94,79.94,79.02,79.13,2400965
2024-11-13,79.5,80.35,79.4,79.87,1861609
2024-11-14,80.48,80.7692,78,78.06,3188428
2024-11-15,78.23,78.93,78.16,78.76,4685236
2024-11-18,78.36,79.89,78.36,79.78,1866377
2024-11-19,79.25,80.34,78.93,80.16,1865497
2024-11-20,80.778,81.08,79.78,80.08,1647456
2024-11-21,80.71,81.13,80.01,80.88,2264469
2024-11-22,80.76,81.35,80.51,81.07,1684235
2024-11-25,82.16,82.39,81.13,81.52,3258188
2024-11-26,81.8,83.04,81.1,82.65,1964956
2024-11-27,82.73,83.5,82.7,83.05,2629981
2024-11-29,83.58,83.77,82.98,82.99,2741614
2024-12-02,83,83.45,81.59,81.65,3497121
2024-12-03,81.52,81.68,80.77,80.99,2807028
2024-12-04,81.202,81.29,80.59,80.83,2134110
2024-12-05,80.99,81.5579,80.82,81.27,2236934
2024-12-06,80.77,81.3701,80.69,81.14,4918114
2024-12-09,81.21,81.21,79.54,79.7,2632575
2024-12-10,79.85,80.95,79.15,80.43,1788014
2024-12-11,80.42,81.45,79.77,81.31,2807100
2024-12-12,81.31,81.4644,80.75,80.87,1465417
2024-12-13,81.02,81.26,79.95,80.12,1890678
2024-12-16,80.58,81.24,80.28,80.46,2051827
2024-12-17,79.72,80.055,79.32,79.61,3077147
2024-12-18,79.92,80.08,77.42,77.47,2664213
2024-12-19,77.985,78.6295,77.31,77.38,3238684
2024-12-20,77.38,78.58,77.09,77.7,7181661
2024-12-23,77.56,78.21,77.21,77.94,1775478
2024-12-24,77.995,78.96,77.69,78.92,846419
2024-12-26,78.5,79.4,78.38,79.12,1842958
2024-12-27,78.63,79.18,78.055,78.42,1346989
2024-12-30,77.73,77.88,76.88,77.4,1654359
2024-12-31,77.94,78.01,77.06,77.31,2288235
2025-01-02,77.61,78.08,76.9,77.43,2811255
2025-01-03,77.88,78.385,77.4,78.22,2687229
2025-01-06,78.41,78.41,76.74,76.82,3515753
2025-01-07,77.28,77.35,75.97,76.36,2242392
2025-01-08,76.7,78.34,76.42,78.02,3600579
2025-01-10,77.82,77.82,75.61,75.88,3434879
2025-01-13,75.65,76.27,75.33,76.18,1708499
2025-01-14,76.3,76.78,76.04,76.25,2353943
2025-01-15,77.55,77.8,76.535,76.98,2180754
2025-01-16,77.51,78.56,77.38,78.39,3148178
2025-01-17,79,79.37,78.76,78.83,2714753
2025-01-21,79.15,79.89,79.15,79.87,1984156
2025-01-22,79.87,80.97,79.6,80.83,1803474
2025-01-23,80.8,81.05,80.13,81.03,1857807
2025-01-24,80.66,81.57,80.66,81.15,2270328
2025-01-27,80.51,81.47,79.75,81.46,2419538
2025-01-28,81.5,82.302,81,81.19,3359572
2025-01-29,79.25,82.13,76.34,81.73,7183378
2025-01-30,82.04,82.33,80.85,82.28,2948984
2025-01-31,82.5,82.88,81.78,82.34,2689430
2025-02-03,81.56,82.29,80.75,81.92,2558260
2025-02-04,81.77,82.565,81.205,81.72,2669081
2025-02-05,82.33,83.19,82.13,82.86,3647116
2025-02-06,83.19,84.15,82.9,83.76,3659429
2025-02-07,84,84.08,82.8,82.82,1865655
2025-02-10,83.01,83.93,81.07,81.21,2884868
2025-02-11,80.84,81.12,79.65,80.29,2498015
2025-02-12,79.57,80.42,79.245,79.92,2682415
2025-02-13,80.14,81.82,80.14,81.69,1883584
2025-02-14,81.84,82.21,80.87,80.91,2012044
2025-02-18,81.2,81.49,80.7401,81.24,1854216
2025-02-19,81.52,82.71,81.15,82.59,2233533
2025-02-20,82.34,82.69,81.53,82.54,1790356
2025-02-21,82.81,82.86,80.96,81.07,2156133
2025-02-24,81.58,81.77,79.72,79.94,2342364
2025-02-25,80.01,80.374,78.77,79.55,2387071
2025-02-26,79.35,80.43,79.06,80.04,3335082
2025-02-27,80.62,82.46,80.485,80.8,2271166
2025-02-28,81.34,82.82,80.9507,82.78,3347393
2025-03-03,83,83.34,81.46,81.97,2570293
2025-03-04,81.83,81.92,77.75,78.76,4134268
2025-03-05,78.37,79.0761,77.82,78.8,3848705
2025-03-06,77.53,77.75,75.3109,76.17,4183070
2025-03-07,76.05,76.05,73.23,74.66,4114687
2025-03-10,73.8,73.815,71.83,72.85,5235595
2025-03-11,72.86,73.4,71.95,72.29,4845779
2025-03-12,72.98,73.86,72.21,72.98,2431612
2025-03-13,72.93,73.25,71.8,72.17,3123075
2025-03-14,72.64,73.47,72.34,73.26,3746965
2025-03-17,73.17,74.99,73.055,74.55,2313401
2025-03-18,74.32,75.4,74.0659,75.3,2634488
2025-03-19,75.25,76.9,74.965,76.58,2249085
2025-03-20,75.42,77.24,75.37,76.91,2367295
2025-03-21,76.72,76.72,75.37,75.55,3046436
2025-03-24,76.39,77.65,76.1501,77.41,2075987
2025-03-25,77.845,78.22,77.265,77.67,1677468
2025-03-26,77.67,78.29,77.11,77.53,2141945
2025-03-27,77,77.585,76.31,76.36,2534634
2025-03-28,76.14,76.5,74.74,74.91,2989229
2025-03-31,74.15,76.03,73.95,75.86,4035573
2025-04-01,75.71,76.61,75.22,76.04,2530752
2025-04-02,75.67,78.4,75.37,78.3,3091735
2025-04-03,74.94,76.33,73.64,73.79,3600920
2025-04-04,71.81,72.52,68.17,68.25,5614989
2025-04-07,66.385,70.51,64.84,67.74,6744514
2025-04-08,69.58,69.82,65.83,66.4,6888651
2025-04-09,66.12,72.5,65.7,71.99,8492760
2025-04-10,70.63,71.1199,68,70.3,5698086
2025-04-11,69.98,71.68,69.44,71.53,4136822
2025-04-14,72.52,73.4295,72.25,72.78,2737932
2025-04-15,72.95,73.8192,72.72,73.17,1607765
2025-04-16,72.44,73.05,71.49,71.69,2421620
2025-04-17,71.71,73.2,71.69,72.18,2613209
2025-04-21,71.51,71.8,69.88,70.66,2307144
2025-04-22,71.76,72.88,71.57,72.69,2402623
2025-04-23,74.04,75.26,73.05,73.5,3495973
2025-04-24,72.1,74.9125,71.98,74.74,4057165
2025-04-25,74.81,75.53,74.3,75.36,2810689
2025-04-28,75.59,75.935,74.51,75.1,2842435
2025-04-29,75.18,76.14,74.48,75.94,1791954
2025-04-30,74.83,76.41,74.11,76.21,2912772
2025-05-01,75.93,77.2,75.54,76.14,3005518
2025-05-02,77.09,78.35,76.855,78.18,2353199
2025-05-05,77.6,78.58,77.33,78.19,1734644
2025-05-06,77.46,78.465,77.3,78.08,1282529
2025-05-07,78.25,79.08,78.1,78.57,2129862
2025-05-08,79.83,80.29,78.29,79,10938803
2025-05-09,79.1,79.74,78.84,79.21,3913977
2025-05-12,81.52,81.535,79.66,80.75,6424406
2025-05-13,81.01,82.2,80.76,81.57,4066376
2025-05-14,81.22,81.4,80.45,81.06,11221719
2025-05-15,80.7,81.44,80.51,81.28,4587177
2025-05-16,81.45,81.9,80.95,81.9,5145241
2025-05-19,81.244,82.265,81,81.96,3293089
2025-05-20,81.48,81.9799,81.38,81.83,2071733
2025-05-21,81.33,81.95,80.52,80.64,3337031
2025-05-22,80.555,81.56,80.37,81.21,2655732
2025-05-23,80.19,82.31,80,81.78,3860017
2025-05-27,82.27,83.31,81.87,83.06,3853699
2025-05-28,83.095,83.14,82.42,82.55,2035876
2025-05-29,82.83,83.52,82.52,83.38,3610502
2025-05-30,83.28,83.7699,82.74,83.54,4804266
2025-06-02,83.28,84.03,82.715,84,1941982
2025-06-03,84,84.24,83.171,83.81,3433605
2025-06-04,83.9,84.45,83.8,83.87,2784405
2025-06-05,84.065,84.15,83.33,84,3385923
2025-06-06,84.73,85.715,84.52,85.61,2971609
2025-06-09,85.61,85.9,84.85,85.65,3923454
2025-06-10,85.5,86.11,85.28,86.07,3361775
2025-06-11,86,87.5,85.7,86.79,3624458
2025-06-12,86.6,87.17,85.935,86.9,2918832
2025-06-13,85.975,86.36,85.15,85.59,3149374
2025-06-16,85.72,86.85,85.44,86.68,3833617
2025-06-17,86.295,86.835,85.7,85.95,4647339
2025-06-18,85.97,86.93,85.53,86.37,3162133
2025-06-20,86.77,87.08,85.82,86.1,4502844
2025-06-23,86.2,87.15,85.87,86.73,3940450
2025-06-24,87.33,88.44,87.155,88.12,3628343
2025-06-25,88.67,88.78,87.75,88.05,2885805
2025-06-26,88.36,88.71,87.21,88.39,3231214
2025-06-27,88.74,89.48,88.3,89.08,5368183
2025-06-30,89.3,89.64,88.73,89.42,3731646
2025-07-01,89.24,89.43,88.17,88.94,3058449
2025-07-02,89.04,89.63,88.52,89.52,3767927
2025-07-03,89.685,90.35,89.495,90.07,1433250
2025-07-07,90.2,90.82,89.97,90.55,2426735
2025-07-08,90.6,90.81,88.5,88.59,3246901
2025-07-09,89.38,89.84,88.97,89.83,2233730
2025-07-10,89.83,90.835,89.73,90.73,3097439
2025-07-11,90.27,90.37,89.33,89.41,2433430
2025-07-14,89.4,89.825,89.18,89.66,2104760
2025-07-15,89.68,89.8716,88.39,88.43,2601472
2025-07-16,88.72,89.12,87.6,89.04,2140558
2025-07-17,88.93,90.16,88.68,89.95,2266272
2025-07-18,90.64,90.69,86.36,89.37,7142416
2025-07-21,89.24,89.93,88.71,89.24,2528079
2025-07-22,89.16,89.39,88.23,88.93,2455830
2025-07-23,88.85,89.105,87.93,88.28,4750816
2025-07-24,89.75,95.4899,89.6,93.5,8382038
2025-07-25,94.27,95.14,93.31,94.84,5276813
2025-07-28,94.975,95.55,94.55,95.14,5124097
2025-07-29,95.44,95.89,95.1675,95.83,3517403
2025-07-30,96.03,96.605,95.63,95.99,3244997
2025-07-31,96.1,97.065,95.76,96.22,3449634
2025-08-01,95.525,95.525,93.69,95.17,2846050
2025-08-04,95.5,96.94,95.14,96.91,2328223
2025-08-05,97.04,97.2191,95.48,96.34,4212814
2025-08-06,96.62,96.7,95.69,96.56,2352620
2025-08-07,97.32,97.35,96.34,96.45,2792059
2025-08-08,96.94,97.465,96.52,96.85,2570206
2025-08-11,96.92,97.63,96.76,96.94,2126546
2025-08-12,97.19,97.44,95.6,96.13,3515775
2025-08-13,96.51,96.6981,94.97,95.57,3514890
2025-08-14,95.685,96.31,95.135,95.4,2459401
2025-08-15,95.52,95.52,94.55,94.68,2898963
2025-08-18,94.68,94.93,93.86,94.34,2801887
2025-08-19,94.21,94.57,93.4,93.83,2594146
2025-08-20,93.85,94.58,93.28,94.5,2364727
2025-08-21,94.19,94.575,93.92,93.96,1770298
2025-08-22,94.3,95.45,94.3,94.75,2038535
2025-08-25,94.62,95.1,94.215,94.32,1685247
2025-08-26,94.16,95.15,94.05,94.9,3019816
2025-08-27,94.6,95.29,94.495,94.84,1967818
2025-08-28,94.93,95.32,94.3675,95.24,2018485
2025-08-29,95.38,95.75,94.405,94.74,1742393
2025-09-02,93.265,94.38,92.9,93.59,3109058
2025-09-03,93.59,93.8958,92.8701,93.77,1831772
2025-09-04,94.06,94.4,93.66,94.3,3693440
2025-09-05,94.52,94.8,92.12,93.48,3771446
2025-09-08,93.825,95.05,93.5,94.99,3879272
2025-09-09,95.12,95.37,94.7,94.88,2653899
2025-09-10,94.91,95.86,94.23,94.66,2466008
2025-09-11,94.72,96.16,94.7,95.88,2878977
2025-09-12,95.74,96.14,93.89,93.95,2948467
2025-09-15,94.16,94.31,92.73,92.86,4971425
2025-09-16,93,93.17,92.43,92.54,5223955
2025-09-17,92.8,94.05,92.545,93.1,3168460
2025-09-18,93.25,93.89,88.63,88.87,9834748
2025-09-19,89.22,89.93,88.67,89.57,13438557
2025-09-22,89.53,90.425,89.25,89.93,4242762
2025-09-23,89.71,89.9199,87.52,88.44,4622439
2025-09-24,88.43,89.13,87.05,87.15,4254571
2025-09-25,86.72,87.67,86.47,86.73,2799137
2025-09-26,87.07,87.6,86.9,87.51,2432689
2025-09-29,87.8,89.28,87.2,88.71,3887910
2025-09-30,88.65,89.04,87.96,88.45,4222836
2025-10-01,88.22,88.47,86.695,86.91,5350645
2025-10-02,86.825,87.425,86.45,87.34,3068132
2025-10-03,87.105,88.1593,87.06,87.61,3626092
2025-10-06,87.86,88.355,87.5,88.17,3519910
2025-10-07,88.61,88.74,87.54,88.44,2504751
2025-10-08,89.14,90.06,87.64,89.87,3688714
2025-10-09,90.43,91.47,89.77,91.4,3239384
2025-10-10,91.402,91.96,88.85,88.9,3339837
2025-10-13,89.36,89.87,88.75,89.39,1975637
2025-10-14,88.93,90.17,88.9172,89.54,2493109
2025-10-15,90.06,90.65,89.01,89.62,1895424
2025-10-16,89.765,90,87.465,87.94,2219434
2025-10-17,87.685,88.83,87.425,88.59,2469205
2025-10-20,89.28,89.81,88.77,88.86,3107403
2025-10-21,90.5,92.92,90.11,90.33,4339323
2025-10-22,90.08,90.31,87.33,87.42,4663710
2025-10-23,87.75,89.08,87.5601,88.82,3079568
2025-10-24,89.35,89.685,88.17,88.44,2756716
2025-10-27,88.95,89.14,88.14,88.78,3349088
2025-10-28,88.78,89.31,87.87,87.96,2663194
2025-10-29,87.2,87.455,85.15,85.42,4356332
2025-10-30,85.58,86.33,85.42,85.66,2305958
2025-10-31,85.53,86.39,85.2812,85.49,2817203
2025-11-03,85.4,86.64,85.03,86.39,2919356
2025-11-04,86.28,86.5499,85.53,85.87,1756912
2025-11-05,85.66,86.215,85.37,85.56,2563630
2025-11-06,85.3,86.59,85.02,86.19,2770279
2025-11-07,86.082,87.68,86.08,87.24,3431297
2025-11-10,87.2,88.299,86.825,87.82,2084797
2025-11-11,87.89,88.23,87.7,87.83,1493100
2025-11-12,87.83,89.19,87.73,88.77,1713542
2025-11-13,88.29,88.6049,87.34,87.43,1677901
2025-11-14,87.24,87.61,86.14,87.08,2542473
2025-11-17,87.08,87.23,85.29,85.7,1924837
2025-11-18,85.52,85.91,84.76,85.54,2248896
2025-11-19,85.61,86.51,85.26,86.02,2370829
2025-11-20,87.94,89.55,86.735,86.99,3037529
2025-11-21,87.36,88.211,86.79,87.66,2416497
2025-11-24,87.55,89.09,87.55,88.44,4586581
2025-11-25,88.68,89.65,88.26,89.14,3448020
2025-11-26,89.3,90.49,89.2,89.98,1785553
2025-11-28,90.24,91.26,90.07,90.92,1126117
2025-12-01,90.57,90.76,89.27,89.36,3715749
2025-12-02,89.64,89.9295,88.15,88.51,3498826
2025-12-03,88.44,88.89,87.79,88.32,2220104
2025-12-04,88.32,90.39,88.1141,90.29,4624394
2025-12-05,90.02,90.54,89.87,90.22,3468064
2025-12-08,90,90.14,89.17,89.8,4853366
2025-12-09,89.8,91.2,89.445,90.72,3888956
2025-12-10,90.88,92.2,90.32,91.92,4813562
2025-12-11,92.21,94.38,91.92,93.85,5554598
2025-12-12,93.85,94.35,93.01,93.57,4842632
2025-12-15,93.58,93.62,92.18,92.93,2543205
2025-12-16,93.02,93.685,92.38,92.93,2320027
2025-12-17,93.08,94.595,92.93,93.71,3178927
2025-12-18,94.095,95.86,94.01,94.71,5749690
2025-12-19,94.27,95.91,94.15,95.36,10575418
2025-12-22,95.36,97.72,95.06,97.46,4363021
2025-12-23,97.475,98.285,97.35,98.01,3506441
2025-12-24,97.99,98.8,97.71,98.64,1445423
2025-12-26,98.74,99.42,98.51,99.35,1701462
2025-12-29,99.35,99.54,98.8,98.87,2322203
2025-12-30,98.5,99.59,98.06,98.18,2386390
2025-12-31,98.1,98.16,97.08,97.13,2211890
2026-01-02,97.25,97.25,95.8,96.66,3998599
2026-01-05,96.24,98.86,96.24,98.45,3416358
2026-01-06,98.44,100.85,98.2,100.69,3745952
2026-01-07,100.7,101.215,99.77,100.4,3068047
2026-01-08,100.37,100.83,99.63,99.74,4106249
2026-01-09,99.64,99.81,98.23,98.24,3502171
2026-01-12,98.03,99.765,97.86,99.42,3021090
2026-01-13,99.51,99.695,97.9,98.89,3094978
2026-01-14,98.09,100.535,98.09,100.07,2995535
2026-01-15,100.54,100.97,99.735,100.33,2432634
2026-01-16,100.34,101.785,100.01,100.98,3768181
2026-01-20,99.005,100.2,97.13,97.41,3209023
2026-01-21,97.66,99.79,97.405,98.78,3189815
2026-01-22,99,99.88,98.4,98.78,3361967
2026-01-23,98.625,98.93,97.76,98.05,2405038
2026-01-26,98.25,99.38,98.05,98.89,2724000
2026-01-27,98.89,99.28,97.905,98.5,2830051
2026-01-28,98.43,99.335,97.88,98.71,3929304
2026-01-29,99.75,101.51,96.54,98.09,6006196
2026-01-30,98.035,99.705,95.61,96.89,4547609
2026-02-02,97.18,97.91,96.45,96.81,4857701
2026-02-03,96.275,96.39,86.2,87.71,14429873
2026-02-04,86.7,88.92,84.73,88.49,11493852
2026-02-05,89.315,89.47,84.555,85.51,7479611
2026-02-06,86.94,87.2,84.12,84.83,10110306
2026-02-09,84.67,86.64,84.5,86.3,7114470
2026-02-10,82.315,84.51,82.0267,82.51,8384144
2026-02-11,82.57,82.765,79.92,80.42,6681118
2026-02-12,80.94,81.09,77.09,79.01,8079777
2026-02-13,79.03,80.11,78.6,79.47,5122731
2026-02-17,80.11,81.115,79.57,80.24,5039677
2026-02-18,80.99,82.36,80.555,82.13,4812905
2026-02-19,81.59,82.3199,80.925,81.41,4680182
2026-02-20,81.76,82.41,81.01,81.87,3449989
2026-02-23,81.63,81.81,79.69,79.92,4512493
2026-02-24,79.85,81.58,78.9,81.11,3296199
2026-02-25,82.66,84.36,82.12,83.99,5675802
2026-02-26,85.54,89.0299,85.5,88.59,8282276
2026-02-27,87.5,88.61,86.88,87.58,5031446
2026-03-02,85.96,88.795,85.0223,88.09,4714276
2026-03-03,86.1612,88.715,85.85,87.41,3945682
2026-03-04,87.53,89.35,87.4,89.13,2987450
2026-03-05,88.32,89.89,87.64,88.28,2883327
2026-03-06,86.965,90.42,86.965,88.407,6022099
2026-03-09,86.98,88.8,85.61,88.05,4703432
2026-03-10,88.54,88.57,86.2837,87.59,3865702
2026-03-11,87.66,88.01,83.632,85.5,3207290
2026-03-12,84.35,85.45,83.68,84.06,3878952
2026-03-13,84.94,86.32,84.705,85.53,3369831
,,,,,